Ticker,Date,Open Price,Close Price,Free Cash Flow,Repurchase Of Capital Stock,Repayment Of Debt,Issuance Of Debt,Capital Expenditure,End Cash Position,Beginning Cash Position,Effect Of Exchange Rate Changes,Changes In Cash,Financing Cash Flow,Net Other Financing Charges,Interest Paid Cff,Cash Dividends Paid,Common Stock Dividend Paid,Net Common Stock Issuance,Common Stock Payments,Net Issuance Payments Of Debt,Net Long Term Debt Issuance,Long Term Debt Payments,Long Term Debt Issuance,Investing Cash Flow,Net Investment Purchase And Sale,Purchase Of Investment,Net Business Purchase And Sale,Sale Of Business,Purchase Of Business,Net Intangibles Purchase And Sale,Purchase Of Intangibles,Net PPE Purchase And Sale,Purchase Of PPE,Operating Cash Flow,Taxes Refund Paid,Interest Received Cfo,Change In Working Capital,Change In Payable,Change In Prepaid Assets,Change In Inventory,Other Non Cash Items,Depreciation And Amortization,Amortization Cash Flow,Depreciation,Net Foreign Currency Exchange Gain Loss,Gain Loss On Sale Of PPE,Net Income From Continuing Operations,Treasury Shares Number,Ordinary Shares Number,Share Issued,Net Debt,Total Debt,Tangible Book Value,Invested Capital,Working Capital,Net Tangible Assets,Capital Lease Obligations,Common Stock Equity,Total Capitalization,Total Equity Gross Minority Interest,Minority Interest,Stockholders Equity,Other Equity Interest,Treasury Stock,Retained Earnings,Capital Stock,Common Stock,Total Liabilities Net Minority Interest,Total Non Current Liabilities Net Minority Interest,Tradeand Other Payables Non Current,Non Current Deferred Taxes Liabilities,Long Term Debt And Capital Lease Obligation,Long Term Capital Lease Obligation,Long Term Debt,Long Term Provisions,Current Liabilities,Other Current Liabilities,Current Debt And Capital Lease Obligation,Current Capital Lease Obligation,Current Debt,Pensionand Other Post Retirement Benefit Plans Current,Current Provisions,Payables,Other Payable,Total Tax Payable,Accounts Payable,Total Assets,Total Non Current Assets,Non Current Prepaid Assets,Non Current Deferred Taxes Assets,Other Investments,Investmentin Financial Assets,Available For Sale Securities,Long Term Equity Investment,Investmentsin Associatesat Cost,Goodwill And Other Intangible Assets,Other Intangible Assets,Goodwill,Net PPE,Accumulated Depreciation,Gross PPE,Construction In Progress,Other Properties,Machinery Furniture Equipment,Buildings And Improvements,Land And Improvements,Properties,Current Assets,Prepaid Assets,Inventory,Other Inventories,Finished Goods,Other Receivables,Taxes Receivable,Accounts Receivable,Allowance For Doubtful Accounts Receivable,Gross Accounts Receivable,Cash Cash Equivalents And Short Term Investments,Cash And Cash Equivalents,Tax Effect Of Unusual Items,Tax Rate For Calcs,Normalized EBITDA,Total Unusual Items,Total Unusual Items Excluding Goodwill,Net Income From Continuing Operation Net Minority Interest,Reconciled Depreciation,Reconciled Cost Of Revenue,EBITDA,EBIT,Net Interest Income,Interest Expense,Interest Income,Normalized Income,Net Income From Continuing And Discontinued Operation,Total Expenses,Diluted Average Shares,Basic Average Shares,Diluted EPS,Basic EPS,Diluted NI Availto Com Stockholders,Net Income Common Stockholders,Otherunder Preferred Stock Dividend,Net Income,Minority Interests,Net Income Including Noncontrolling Interests,Net Income Continuous Operations,Tax Provision,Pretax Income,Special Income Charges,Other Special Charges,Restructuring And Mergern Acquisition,Net Non Operating Interest Income Expense,Total Other Finance Cost,Interest Expense Non Operating,Interest Income Non Operating,Operating Income,Operating Expense,Other Operating Expenses,Depreciation And Amortization In Income Statement,Amortization,Depreciation Income Statement,Selling General And Administration,General And Administrative Expense,Gross Profit,Cost Of Revenue,Total Revenue,Operating Revenue,Dividends Received Cfi,Sale Of Investment,Sale Of PPE,Interest Paid Cfo,Change In Receivables,Stock Based Compensation,Provisionand Write Offof Assets,Deferred Tax,Pension And Employee Benefit Expense,Gain Loss On Investment Securities,Gain Loss On Sale Of Business,Additional Paid In Capital,Derivative Product Liabilities,Non Current Deferred Revenue,Defined Pension Benefit,Non Current Deferred Assets,Financial Assets,Financial Assets Designatedas Fair Value Through Profitor Loss Total,Investmentsin Joint Venturesat Cost,Hedging Assets Current,Current Deferred Assets,Restricted Cash,Work In Process,Raw Materials,Other Short Term Investments,Cash Equivalents,Cash Financial,Total Operating Income As Reported,Other Non Operating Income Expenses,Impairment Of Capital Assets,Research And Development,Other Cash Adjustment Outside Changein Cash,Other Cash Adjustment Inside Changein Cash,Net Other Investing Changes,Capital Expenditure Reported,Dividend Received Cfo,Change In Other Current Assets,Other Non Current Liabilities,Non Current Pension And Other Postretirement Benefit Plans,Other Non Current Assets,Held To Maturity Securities,Investment Properties,Other Current Assets,Assets Held For Sale Current,Rent Expense Supplemental,Net Income Discontinuous Operations,Write Off,Selling And Marketing Expense,Rent And Landing Fees,Issuance Of Capital Stock,Common Stock Issuance,Change In Other Current Liabilities,Sale Of Intangibles,Interest Received Cfi,Fixed Assets Revaluation Reserve,Non Current Accrued Expenses,Cash Flow From Continuing Financing Activities,Proceeds From Stock Option Exercised,Cash Flow From Continuing Investing Activities,Cash Flow From Continuing Operating Activities,Change In Other Working Capital,Change In Payables And Accrued Expense,Asset Impairment Charge,Depreciation Amortization Depletion,Amortization Of Intangibles,Operating Gains Losses,Gains Losses Not Affecting Retained Earnings,Other Equity Adjustments,Foreign Currency Translation Adjustments,Non Current Deferred Liabilities,Current Deferred Liabilities,Current Deferred Revenue,Payables And Accrued Expenses,Income Tax Payable,Non Current Accounts Receivable,Investments And Advances,Trading Securities,Leases,Inventories Adjustments Allowances,Receivables,Other Income Expense,Earnings From Equity Interest,Gain On Sale Of Security,Other Gand A,Interest Paid Supplemental Data,Income Tax Paid Supplemental Data,Change In Accrued Expense,Change In Account Payable,Changes In Account Receivables,Deferred Income Tax,Preferred Stock,Employee Benefits,Other Current Borrowings,Current Accrued Expenses,Interest Payable,Net Short Term Debt Issuance,Change In Tax Payable,Change In Income Tax Payable,Dividends Payable,Gain On Sale Of Business,Salaries And Wages,Earnings Losses From Equity Investments,Minimum Pension Liabilities,Liabilities Heldfor Sale Non Current,Earnings From Equity Interest Net Of Tax,Gain On Sale Of Ppe,Depreciation Amortization Depletion Income Statement,Amortization Of Intangibles Income Statement,Short Term Debt Issuance,Unrealized Gain Loss,Commercial Paper,Dueto Related Parties Current,Duefrom Related Parties Current
MATAS.CO,2023-03-31,80.43,81.01,424000000.0,0.0,-126000000.0,0.0,-254000000.0,37000000.0,28000000.0,0.0,9000000.0,-413000000.0,1000000.0,-40000000.0,-76000000.0,-76000000.0,0.0,0.0,-126000000.0,-126000000.0,-126000000.0,0.0,-256000000.0,,,-2000000.0,0.0,-2000000.0,-162000000.0,-162000000.0,-92000000.0,-92000000.0,678000000.0,-64000000.0,500000.0,-70000000.0,-8000000.0,-43000000.0,-19000000.0,53000000.0,375000000.0,123000000.0,252000000.0,0.0,6000000.0,373000000.0,358423.0,37933069.0,38291492.0,991000000.0,1679000000.0,-931000000.0,4390000000.0,-218000000.0,-931000000.0,651000000.0,3362000000.0,4280000000.0,3363000000.0,1000000.0,3362000000.0,,44000000.0,3234000000.0,96000000.0,96000000.0,2917000000.0,1620000000.0,13000000.0,199000000.0,1380000000.0,462000000.0,918000000.0,28000000.0,1297000000.0,,299000000.0,189000000.0,110000000.0,65000000.0,2000000.0,770000000.0,95000000.0,41000000.0,634000000.0,6280000000.0,5201000000.0,44000000.0,0.0,,1000000.0,1000000.0,1000000.0,1000000.0,4293000000.0,294000000.0,3999000000.0,862000000.0,-564000000.0,1426000000.0,60000000.0,577000000.0,368000000.0,278000000.0,143000000.0,0.0,1079000000.0,41000000.0,912000000.0,,912000000.0,25000000.0,20000000.0,44000000.0,-1000000.0,45000000.0,37000000.0,37000000.0,-2717000.0,0.247,803000000.0,-11000000.0,-11000000.0,281000000.0,375000000.0,2413000000.0,792000000.0,417000000.0,-45000000.0,44000000.0,0.0,289283000.0,281000000.0,4055000000.0,38067083.0,37881641.0,7.37,7.41,281000000.0,281000000.0,0.0,281000000.0,0.0,281000000.0,281000000.0,92000000.0,373000000.0,-11000000.0,11000000.0,0.0,-45000000.0,1000000.0,44000000.0,0.0,434000000.0,1642000000.0,445000000.0,375000000.0,123000000.0,252000000.0,,,2076000000.0,2413000000.0,4489000000.0,4489000000.0,,,,,,,,,,,,,,,,,,,,,,,,,,,,,,,,,,,,,,,,,,,,,,,,,,,,,,,,,,,,,,,,,,,,,,,,,,,,,,,,,,,,,,,,,,,,,,,,,,,,,,,,,,,,,,,,,
QQ.L,2023-03-31,324.66,324.66,97000000.0,-800000.0,-257900000.0,481100000.0,-109000000.0,151200000.0,248100000.0,1800000.0,-98700000.0,159700000.0,-10000000.0,,-42600000.0,-42600000.0,-800000.0,-800000.0,223200000.0,223200000.0,-257900000.0,481100000.0,-464400000.0,,,-357800000.0,28100000.0,-385900000.0,-13800000.0,-13800000.0,-92800000.0,-95200000.0,206000000.0,-30200000.0,5500000.0,-7700000.0,58600000.0,,-9600000.0,-3300000.0,74600000.0,23100000.0,51500000.0,,-1800000.0,154400000.0,2341325.0,576415796.0,578757121.0,186400000.0,368900000.0,216300000.0,1305900000.0,74600000.0,216300000.0,31300000.0,968300000.0,1305900000.0,968300000.0,0.0,968300000.0,,,772000000.0,5800000.0,5800000.0,1103800000.0,496100000.0,1200000.0,112000000.0,361300000.0,23700000.0,337600000.0,7100000.0,607700000.0,,7600000.0,7600000.0,,,19700000.0,196200000.0,,60300000.0,135900000.0,2072100000.0,1389800000.0,,32600000.0,,0.0,,1400000.0,0.0,752000000.0,343000000.0,409000000.0,477800000.0,-512600000.0,990400000.0,115500000.0,6500000.0,434000000.0,,,434400000.0,682300000.0,36300000.0,68800000.0,,23500000.0,201300000.0,4000000.0,215000000.0,-1600000.0,216600000.0,151200000.0,151200000.0,3472600.0,0.194,261300000.0,17900000.0,17900000.0,154400000.0,74600000.0,,279200000.0,204600000.0,-6600000.0,12600000.0,6800000.0,139972600.0,154400000.0,1428000000.0,582300000.0,575900000.0,0.265,0.268,154400000.0,154400000.0,0.0,154400000.0,0.0,154400000.0,154400000.0,37600000.0,192000000.0,17900000.0,-41600000.0,23700000.0,-6600000.0,800000.0,12600000.0,6800000.0,152700000.0,1428000000.0,1353400000.0,74600000.0,23100000.0,51500000.0,,,,,1580700000.0,1580700000.0,0.0,,2400000.0,-9900000.0,-56700000.0,6100000.0,-1000000.0,37600000.0,-1600000.0,,-15900000.0,188400000.0,500000.0,14000000.0,119800000.0,1500000.0,4700000.0,0.0,1400000.0,4400000.0,1300000.0,,9100000.0,36200000.0,,62100000.0,89100000.0,172800000.0,27200000.0,,-17400000.0,,,,,,,,,,,,,,,,,,,,,,,,,,,,,,,,,,,,,,,,,,,,,,,,,,,,,,,,,,,,,,,,,,,,,,,,,,,,,,,,,,
RNMBY,2024-12-31,126.62,126.55,988000000.0,,-773000000.0,793000000.0,-732000000.0,1184000000.0,873000000.0,-2000000.0,314000000.0,-234000000.0,-6000000.0,,-248000000.0,,,,20000000.0,20000000.0,-773000000.0,793000000.0,-1172000000.0,0.0,,-484000000.0,24000000.0,-508000000.0,,,-722000000.0,-732000000.0,1720000000.0,,,434000000.0,,,,-42000000.0,403000000.0,149000000.0,254000000.0,,,808000000.0,121504.0,43437346.0,43558850.0,912000000.0,2423000000.0,1248000000.0,6146000000.0,1449000000.0,1248000000.0,327000000.0,4050000000.0,5647000000.0,4464000000.0,414000000.0,4050000000.0,-1000000.0,4000000.0,3247000000.0,112000000.0,112000000.0,9880000000.0,3098000000.0,2000000.0,356000000.0,1871000000.0,274000000.0,1597000000.0,285000000.0,6782000000.0,112000000.0,552000000.0,53000000.0,499000000.0,0.0,807000000.0,1369000000.0,,218000000.0,1151000000.0,14344000000.0,6112000000.0,26000000.0,172000000.0,,69000000.0,50000000.0,346000000.0,,2802000000.0,1376000000.0,1426000000.0,2188000000.0,-3524000000.0,5712000000.0,539000000.0,34000000.0,3327000000.0,458000000.0,1354000000.0,0.0,8231000000.0,516000000.0,3528000000.0,,384000000.0,707000000.0,169000000.0,1971000000.0,,,1253000000.0,1184000000.0,-6231895.850285,0.270952,1790000000.0,-23000000.0,-23000000.0,804000000.0,403000000.0,4692000000.0,1767000000.0,1364000000.0,-126000000.0,135000000.0,19000000.0,820768104.149715,717000000.0,8344000000.0,233300000.0,217150000.0,3.192,3.302,717000000.0,717000000.0,0.0,717000000.0,-91000000.0,808000000.0,896000000.0,333000000.0,1229000000.0,-23000000.0,19000000.0,,-126000000.0,10000000.0,135000000.0,19000000.0,1407000000.0,3652000000.0,593000000.0,403000000.0,149000000.0,254000000.0,319000000.0,176000000.0,5059000000.0,4692000000.0,9751000000.0,9751000000.0,,,10000000.0,,-102000000.0,,,,-18000000.0,103000000.0,,696000000.0,9000000.0,,275000000.0,183000000.0,9000000.0,,,32000000.0,0.0,,1486000000.0,1658000000.0,69000000.0,0.0,1184000000.0,,6000000.0,,,-1000000.0,,34000000.0,,16000000.0,407000000.0,32000000.0,527000000.0,9000000.0,19000000.0,20000000.0,54000000.0,,30000000.0,-87000000.0,4000000.0,143000000.0,30000000.0,,,,,,,,,,,,,,,,,,,,,,,,,,,,,,,,,,,,,,,,,,,,,,,,,,,,,,,,,,,,,,,,
SAABF,2024-12-31,21.27,21.27,1893000000.0,,-678000000.0,331000000.0,-4839000000.0,2843000000.0,2129000000.0,98000000.0,616000000.0,-1934000000.0,,,-856000000.0,,,,-347000000.0,-347000000.0,-678000000.0,331000000.0,-4182000000.0,577000000.0,-1894000000.0,10000000.0,25000000.0,-15000000.0,-297000000.0,-297000000.0,-3942000000.0,-4012000000.0,6732000000.0,-945000000.0,,-1003000000.0,,,-4890000000.0,-68000000.0,2645000000.0,230000000.0,2415000000.0,,,5289000000.0,6915618.0,536467770.0,543383388.0,4509000000.0,10384000000.0,22505000000.0,42855000000.0,15687000000.0,22505000000.0,3032000000.0,35503000000.0,42631000000.0,35812000000.0,309000000.0,35503000000.0,,,27035000000.0,2174000000.0,2174000000.0,64011000000.0,14296000000.0,,1070000000.0,9465000000.0,2337000000.0,7128000000.0,2238000000.0,49715000000.0,75000000.0,919000000.0,695000000.0,224000000.0,2537000000.0,1036000000.0,9866000000.0,5000000.0,1646000000.0,8215000000.0,99823000000.0,34421000000.0,,521000000.0,,4373000000.0,4373000000.0,315000000.0,300000000.0,12998000000.0,7426000000.0,5572000000.0,15365000000.0,-11593000000.0,26958000000.0,3668000000.0,6116000000.0,8025000000.0,9149000000.0,,0.0,65402000000.0,3180000000.0,21825000000.0,,1376000000.0,16142000000.0,250000000.0,11334000000.0,-68000000.0,11402000000.0,11741000000.0,2843000000.0,-52224000.0,0.204,8749000000.0,-256000000.0,-256000000.0,4171000000.0,2645000000.0,50088000000.0,8493000000.0,5848000000.0,-107000000.0,559000000.0,521000000.0,4374776000.0,4171000000.0,58153000000.0,539218000.0,534008000.0,7.74,7.81,4171000000.0,4171000000.0,0.0,4171000000.0,-39000000.0,4210000000.0,4210000000.0,1079000000.0,5289000000.0,10000000.0,-10000000.0,0.0,-107000000.0,69000000.0,559000000.0,521000000.0,5598000000.0,8065000000.0,5000000.0,,,,5515000000.0,2416000000.0,13663000000.0,50088000000.0,63751000000.0,63751000000.0,,2471000000.0,70000000.0,,-5464000000.0,,787000000.0,,,,-18000000.0,6099000000.0,,,,,,,15000000.0,930000000.0,,,8698000000.0,11751000000.0,8898000000.0,300000000.0,2543000000.0,5662000000.0,,0.0,2809000000.0,,,,-530000000.0,22000000.0,7218000000.0,100000000.0,1423000000.0,,,,,,,,0.0,3099000000.0,,,,3589000000.0,,,,,,,,,,,,,,,,,,,,,,,,,,,,,,,,,,,,,,,,,,,,,,,,,,,,,,,,,,,,,
BCKIY,2023-03-31,3.65,3.65,136200000.0,0.0,-972800000.0,416600000.0,-125100000.0,429500000.0,756500000.0,-5700000.0,-321300000.0,-666100000.0,800000.0,,,0.0,0.0,0.0,-556200000.0,-556200000.0,-972800000.0,416600000.0,83500000.0,,,158600000.0,158600000.0,0.0,-20500000.0,-20900000.0,-65700000.0,-104200000.0,261300000.0,-25400000.0,14800000.0,160100000.0,131400000.0,,-25700000.0,49300000.0,181900000.0,28100000.0,153800000.0,,500000.0,-33300000.0,,505596597.0,505596597.0,336300000.0,1016800000.0,-568300000.0,1141900000.0,-255800000.0,-568300000.0,228800000.0,353900000.0,1122300000.0,370900000.0,17000000.0,353900000.0,,,-1568800000.0,303400000.0,303400000.0,2939000000.0,1245500000.0,900000.0,7000000.0,947300000.0,178900000.0,768400000.0,80800000.0,1693500000.0,,69500000.0,49900000.0,19600000.0,7600000.0,67900000.0,365200000.0,34800000.0,91300000.0,239100000.0,3309900000.0,1872200000.0,,112200000.0,,7300000.0,7300000.0,57400000.0,,922200000.0,140800000.0,781400000.0,637600000.0,-696400000.0,1334000000.0,90800000.0,279900000.0,806500000.0,156800000.0,,0.0,1437700000.0,63700000.0,126800000.0,,61000000.0,374200000.0,87500000.0,306000000.0,-7300000.0,313300000.0,453100000.0,451700000.0,-14706000.0,0.19,316800000.0,-77400000.0,-77400000.0,-35000000.0,181900000.0,,239400000.0,57500000.0,-49300000.0,51300000.0,21200000.0,27694000.0,-35000000.0,4315700000.0,514920548.0,505391563.0,-0.069,-0.069,-35000000.0,-35000000.0,0.0,-35000000.0,-1700000.0,-33300000.0,-33300000.0,39500000.0,6200000.0,-77400000.0,77400000.0,,-49300000.0,19200000.0,51300000.0,21200000.0,122900000.0,4315700000.0,4315700000.0,,,,,,,,4438600000.0,4438600000.0,8700000.0,,38500000.0,-77000000.0,-125800000.0,9400000.0,,39500000.0,,-8200000.0,77400000.0,903600000.0,53300000.0,,94800000.0,4200000.0,2600000.0,,,4300000.0,5700000.0,,7200000.0,58600000.0,1400000.0,230000000.0,221700000.0,45500000.0,,,,,,,,,132300000.0,,156200000.0,,,,,,,,,,,,,,400000.0,,,,,,,,,,,,,,,,,,,,,,,,,,,,,,,,,,,,,,,,,,,,,,,,,,,,,,,,,,,,
BAESY,2024-12-31,58.0,57.16,2762000000.0,-555000000.0,-3794000000.0,6933000000.0,-1163000000.0,3378000000.0,4067000000.0,-40000000.0,-649000000.0,695000000.0,-130000000.0,-543000000.0,-937000000.0,-937000000.0,-555000000.0,-555000000.0,3139000000.0,3139000000.0,-3794000000.0,6933000000.0,-5269000000.0,,,-4582000000.0,194000000.0,-4776000000.0,-173000000.0,-173000000.0,-967000000.0,-990000000.0,3925000000.0,-175000000.0,,745000000.0,1010000000.0,,-144000000.0,379000000.0,1085000000.0,422000000.0,663000000.0,-90000000.0,6000000.0,2041000000.0,266445903.0,2928660046.0,3195105949.0,4934000000.0,10153000000.0,-4646000000.0,19928000000.0,-589000000.0,-4646000000.0,1841000000.0,11616000000.0,19329000000.0,11777000000.0,161000000.0,11616000000.0,,,3836000000.0,80000000.0,80000000.0,26365000000.0,14023000000.0,89000000.0,14000000.0,9371000000.0,1658000000.0,7713000000.0,363000000.0,12342000000.0,50000000.0,782000000.0,183000000.0,599000000.0,,254000000.0,3704000000.0,2367000000.0,253000000.0,1084000000.0,38142000000.0,26389000000.0,168000000.0,315000000.0,,83000000.0,83000000.0,823000000.0,101000000.0,16262000000.0,2965000000.0,13297000000.0,6598000000.0,-4462000000.0,11060000000.0,,,5091000000.0,1720000000.0,4249000000.0,0.0,11753000000.0,1005000000.0,1324000000.0,,107000000.0,4295000000.0,176000000.0,1357000000.0,-19000000.0,1376000000.0,3378000000.0,3378000000.0,-1746998.284734,0.124786,3986000000.0,-14000000.0,-14000000.0,1956000000.0,1085000000.0,9085000000.0,3972000000.0,2887000000.0,-424000000.0,555000000.0,135000000.0,1968253001.715266,1956000000.0,23871000000.0,763250000.0,753250000.0,2.564,2.596,1956000000.0,1956000000.0,0.0,1956000000.0,-85000000.0,2041000000.0,2041000000.0,291000000.0,2332000000.0,-8000000.0,-76000000.0,72000000.0,-424000000.0,4000000.0,555000000.0,135000000.0,2441000000.0,14786000000.0,4595000000.0,1085000000.0,422000000.0,663000000.0,,,17227000000.0,9085000000.0,26312000000.0,26312000000.0,158000000.0,,23000000.0,,-121000000.0,144000000.0,37000000.0,291000000.0,-249000000.0,6000000.0,-94000000.0,1263000000.0,193000000.0,3007000000.0,1638000000.0,,265000000.0,,722000000.0,212000000.0,,,471000000.0,746000000.0,,2774000000.0,604000000.0,2685000000.0,14000000.0,12000000.0,,,,165000000.0,,,,398000000.0,503000000.0,,,38000000.0,,,,,,,,,,,,130000000.0,10000000.0,85000000.0,,,,,,,,,,,,,,,,,,,,,,,,,,,,,,,,,,,,,,,,,,,,,,,,,,,,,,,,,
NSKFF,2024-12-31,113.3,113.3,11498000000.0,,-500000000.0,0.0,-2246000000.0,14293000000.0,5975000000.0,198000000.0,8120000000.0,-3862000000.0,,-319000000.0,-2463000000.0,,-100000000.0,,-500000000.0,-500000000.0,-500000000.0,0.0,-1762000000.0,-109000000.0,-109000000.0,-31000000.0,53000000.0,-84000000.0,,,-1667000000.0,-1787000000.0,13744000000.0,-865000000.0,,6581000000.0,,,-425000000.0,374000000.0,1521000000.0,459000000.0,1062000000.0,-9000000.0,,5144000000.0,14654.0,175907195.0,175921849.0,,4689000000.0,12720000000.0,21177000000.0,5478000000.0,12720000000.0,2189000000.0,18677000000.0,21177000000.0,19270000000.0,593000000.0,18677000000.0,,,11377000000.0,5928000000.0,5928000000.0,50144000000.0,6448000000.0,,1425000000.0,4262000000.0,1762000000.0,2500000000.0,73000000.0,43696000000.0,,427000000.0,427000000.0,0.0,1127000000.0,1490000000.0,5306000000.0,489000000.0,1525000000.0,3292000000.0,69414000000.0,20240000000.0,1000000.0,509000000.0,,101000000.0,,4634000000.0,,5957000000.0,2066000000.0,3891000000.0,8760000000.0,-7300000000.0,16060000000.0,1252000000.0,2264000000.0,3901000000.0,8183000000.0,460000000.0,0.0,49174000000.0,,7274000000.0,,2422000000.0,14589000000.0,,10662000000.0,-396000000.0,11058000000.0,14293000000.0,14293000000.0,-5037000.0,0.219,8617000000.0,-23000000.0,-23000000.0,5126000000.0,1521000000.0,17689000000.0,8594000000.0,7073000000.0,-374000000.0,489000000.0,322000000.0,5143963000.0,5126000000.0,42343000000.0,,,,,5126000000.0,5126000000.0,0.0,5126000000.0,-18000000.0,5144000000.0,5144000000.0,1441000000.0,6584000000.0,-23000000.0,,,-374000000.0,207000000.0,489000000.0,322000000.0,6529000000.0,24654000000.0,7392000000.0,1498000000.0,436000000.0,1062000000.0,,,31183000000.0,17689000000.0,48872000000.0,48872000000.0,184000000.0,,120000000.0,,-7331000000.0,,,1441000000.0,,,0.0,,,,,,,101000000.0,,2356000000.0,,,766000000.0,4086000000.0,,14293000000.0,,,,23000000.0,,,,-2000000.0,-459000000.0,,12691000000.0,51000000.0,637000000.0,268000000.0,,,,,,,,,,-100000000.0,-100000000.0,923000000.0,,322000000.0,,,,,,,,,,,,,,,,,,,,,,,,,,,,,,,,,,,,,,,,,,,,,,,,,,,,,,,,,,,
GMAB,2024-12-31,20.77,20.87,7467000000.0,-3879000000.0,-60000000.0,,-304000000.0,9858000000.0,14867000000.0,1046000000.0,-6055000000.0,-3919000000.0,-109000000.0,,,,-3879000000.0,-3879000000.0,-60000000.0,-60000000.0,-60000000.0,,-9907000000.0,2643000000.0,-8636000000.0,-12246000000.0,,-12246000000.0,-117000000.0,-117000000.0,-187000000.0,-187000000.0,7771000000.0,-343000000.0,935000000.0,-738000000.0,857000000.0,,-5000000.0,-875000000.0,413000000.0,78000000.0,335000000.0,-1339000000.0,,9164000000.0,2647007.0,63540179.0,66187186.0,,1029000000.0,21819000000.0,36697000000.0,22546000000.0,21819000000.0,1029000000.0,36697000000.0,36697000000.0,36697000000.0,,36697000000.0,,,23551000000.0,66000000.0,66000000.0,9114000000.0,3806000000.0,30000000.0,2359000000.0,937000000.0,937000000.0,,,5308000000.0,,92000000.0,92000000.0,,,,5192000000.0,3482000000.0,1710000000.0,,45811000000.0,17957000000.0,,908000000.0,,228000000.0,,,,14878000000.0,12343000000.0,2535000000.0,1891000000.0,-837000000.0,2728000000.0,103000000.0,913000000.0,991000000.0,,,0.0,27854000000.0,,62000000.0,,79000000.0,,101000000.0,6590000000.0,,,21101000000.0,9858000000.0,185237887.385421,0.144042,8411000000.0,1286000000.0,1286000000.0,7844000000.0,413000000.0,985000000.0,9697000000.0,9284000000.0,875000000.0,120000000.0,995000000.0,6743237887.385421,7844000000.0,14523000000.0,646329400.0,641866470.0,12.136,12.221,7844000000.0,7844000000.0,,7844000000.0,,7844000000.0,7844000000.0,1320000000.0,9164000000.0,-300000000.0,,300000000.0,875000000.0,,120000000.0,995000000.0,7003000000.0,13538000000.0,,,,,3790000000.0,,20541000000.0,985000000.0,21526000000.0,20530000000.0,,11279000000.0,,-35000000.0,-1590000000.0,721000000.0,,,,-247000000.0,,12590000000.0,,480000000.0,,908000000.0,,228000000.0,,,,,0.0,4000000.0,11243000000.0,,,6703000000.0,,,9748000000.0,,,,,,,,,,,,,,,,,,,,,,,,,,-3919000000.0,129000000.0,-9907000000.0,7771000000.0,,857000000.0,115000000.0,413000000.0,78000000.0,-1586000000.0,490000000.0,,490000000.0,2839000000.0,24000000.0,24000000.0,5192000000.0,1710000000.0,52000000.0,228000000.0,,721000000.0,-21000000.0,6691000000.0,1286000000.0,,1586000000.0,,,,,,,,,,,,,,,,,,,,,,,,,,,,,,
NVDA,2025-01-31,123.77,120.06,60853000000.0,-33706000000.0,-1250000000.0,,-3236000000.0,8589000000.0,7280000000.0,,1309000000.0,-42359000000.0,-7059000000.0,,-834000000.0,-834000000.0,-33706000000.0,-33706000000.0,-1250000000.0,-1250000000.0,-1250000000.0,,-20421000000.0,-16200000000.0,-28061000000.0,-1007000000.0,,-1007000000.0,,,-3236000000.0,-3236000000.0,64089000000.0,,,-9383000000.0,3357000000.0,-395000000.0,-4781000000.0,-502000000.0,1864000000.0,,,,,72880000000.0,,24477000000.0,24477000000.0,,10270000000.0,73332000000.0,87790000000.0,62079000000.0,73332000000.0,1807000000.0,79327000000.0,87790000000.0,79327000000.0,,79327000000.0,,,68038000000.0,24000000.0,24000000.0,32274000000.0,14227000000.0,2304000000.0,886000000.0,9982000000.0,1519000000.0,8463000000.0,,18047000000.0,228000000.0,288000000.0,288000000.0,,,1373000000.0,7191000000.0,,881000000.0,6310000000.0,111601000000.0,31475000000.0,2087000000.0,10979000000.0,,3387000000.0,3387000000.0,,,5995000000.0,807000000.0,5188000000.0,8076000000.0,-4401000000.0,12477000000.0,529000000.0,1793000000.0,7568000000.0,2076000000.0,511000000.0,0.0,80126000000.0,,10080000000.0,,3273000000.0,,,23065000000.0,,,43210000000.0,8589000000.0,0.0,0.133,86137000000.0,0.0,0.0,72880000000.0,1864000000.0,32639000000.0,86137000000.0,84273000000.0,1539000000.0,247000000.0,1786000000.0,72880000000.0,72880000000.0,49044000000.0,24804000000.0,24555000000.0,2.94,2.97,72880000000.0,72880000000.0,,72880000000.0,,72880000000.0,72880000000.0,11146000000.0,84026000000.0,0.0,,0.0,1539000000.0,,247000000.0,1786000000.0,81453000000.0,16405000000.0,,,,,3491000000.0,,97858000000.0,32639000000.0,130497000000.0,130497000000.0,,11861000000.0,,,-13063000000.0,4737000000.0,,-4477000000.0,,-1030000000.0,,11237000000.0,,976000000.0,,10979000000.0,,,,,,,3399000000.0,3408000000.0,34621000000.0,,,81453000000.0,1034000000.0,,12914000000.0,,,22000000.0,,,,79000000.0,,201000000.0,,,3771000000.0,,,,,,,,,1221000000.0,,,,,-42359000000.0,490000000.0,-20421000000.0,64089000000.0,,7635000000.0,,1864000000.0,,-1030000000.0,28000000.0,28000000.0,,1862000000.0,837000000.0,837000000.0,15321000000.0,,750000000.0,3387000000.0,,,,23065000000.0,1034000000.0,,,,246000000.0,15118000000.0,4278000000.0,3357000000.0,-13063000000.0,-4477000000.0,0.0,,,8130000000.0,,,,,,,,,,,,,,,,,,,
NVDA,2024-01-31,61.42,61.5,27021000000.0,-9533000000.0,-1250000000.0,0.0,-1069000000.0,7280000000.0,3389000000.0,,3891000000.0,-13633000000.0,-2858000000.0,,-395000000.0,-395000000.0,-9533000000.0,-9533000000.0,-1250000000.0,-1250000000.0,-1250000000.0,0.0,-10566000000.0,-9290000000.0,-19073000000.0,-83000000.0,,-83000000.0,,,-1069000000.0,-1069000000.0,28090000000.0,,,-3722000000.0,1531000000.0,-1522000000.0,-98000000.0,-278000000.0,1508000000.0,614000000.0,894000000.0,,,29760000000.0,,24640000000.0,24640000000.0,2429000000.0,11056000000.0,37436000000.0,52687000000.0,33714000000.0,37436000000.0,1347000000.0,42978000000.0,51437000000.0,42978000000.0,,42978000000.0,,,29817000000.0,25000000.0,25000000.0,22750000000.0,12119000000.0,1441000000.0,462000000.0,9578000000.0,1119000000.0,8459000000.0,,10631000000.0,199000000.0,1478000000.0,228000000.0,1250000000.0,,415000000.0,2995000000.0,,296000000.0,2699000000.0,65728000000.0,21383000000.0,2822000000.0,6081000000.0,1546000000.0,1321000000.0,1321000000.0,,,5542000000.0,1112000000.0,4430000000.0,5260000000.0,-3509000000.0,8769000000.0,189000000.0,1346000000.0,5200000000.0,1816000000.0,218000000.0,0.0,44345000000.0,,5282000000.0,,2058000000.0,,,9999000000.0,,,25984000000.0,7280000000.0,0.0,0.12,35583000000.0,0.0,0.0,29760000000.0,1508000000.0,16621000000.0,35583000000.0,34075000000.0,609000000.0,257000000.0,866000000.0,29760000000.0,29760000000.0,27950000000.0,24940000000.0,24690000000.0,1.19,1.21,29760000000.0,29760000000.0,,29760000000.0,,29760000000.0,29760000000.0,4058000000.0,33818000000.0,0.0,,0.0,609000000.0,,257000000.0,866000000.0,32972000000.0,11329000000.0,,,,,2654000000.0,,44301000000.0,16621000000.0,60922000000.0,60922000000.0,,9783000000.0,,,-6172000000.0,3549000000.0,,-2489000000.0,,-238000000.0,,13109000000.0,,573000000.0,,6081000000.0,,,,,,,1505000000.0,1719000000.0,18704000000.0,,,32972000000.0,237000000.0,,8675000000.0,,,-124000000.0,,,,65000000.0,,357000000.0,,,3080000000.0,,,,,,,,,514000000.0,,,,,-13633000000.0,403000000.0,-10566000000.0,28090000000.0,,3556000000.0,,1508000000.0,614000000.0,-238000000.0,27000000.0,27000000.0,,1035000000.0,764000000.0,764000000.0,7775000000.0,,,1321000000.0,,,,9999000000.0,237000000.0,,,,252000000.0,6549000000.0,2025000000.0,1531000000.0,-6172000000.0,-2489000000.0,0.0,,1250000000.0,4780000000.0,,,,,,,,,,,,,,,,,,,
NVDA,2023-01-31,19.15,19.52,3808000000.0,-10039000000.0,0.0,0.0,-1833000000.0,3389000000.0,1990000000.0,,1399000000.0,-11617000000.0,-1535000000.0,,-398000000.0,-398000000.0,-10039000000.0,-10039000000.0,0.0,0.0,0.0,0.0,7375000000.0,9257000000.0,-11982000000.0,-49000000.0,,-49000000.0,,,-1833000000.0,-1833000000.0,5641000000.0,,,-2207000000.0,-551000000.0,-1517000000.0,-2554000000.0,1346000000.0,1544000000.0,699000000.0,844000000.0,,,4368000000.0,,24661365720.0,24661365720.0,7564000000.0,12031000000.0,16053000000.0,33054000000.0,16510000000.0,16053000000.0,1078000000.0,22101000000.0,31804000000.0,22101000000.0,,22101000000.0,,,10171000000.0,2000000.0,2000000.0,19081000000.0,12518000000.0,1385000000.0,247000000.0,10605000000.0,902000000.0,9703000000.0,,6563000000.0,69000000.0,1426000000.0,176000000.0,1250000000.0,,108000000.0,1660000000.0,,467000000.0,1193000000.0,41182000000.0,18109000000.0,3376000000.0,3396000000.0,299000000.0,,,,,6048000000.0,1676000000.0,4372000000.0,4845000000.0,-2694000000.0,7539000000.0,382000000.0,1038000000.0,4303000000.0,1598000000.0,218000000.0,0.0,23073000000.0,,5159000000.0,,2263000000.0,,,3827000000.0,,,13296000000.0,3389000000.0,-284130000.0,0.21,7340000000.0,-1353000000.0,-1353000000.0,4368000000.0,1544000000.0,11618000000.0,5987000000.0,4443000000.0,5000000.0,262000000.0,267000000.0,5436870000.0,4368000000.0,21397000000.0,25070000000.0,24870000000.0,0.17,0.18,4368000000.0,4368000000.0,,4368000000.0,,4368000000.0,4368000000.0,-187000000.0,4181000000.0,-1353000000.0,,1353000000.0,5000000.0,,262000000.0,267000000.0,5577000000.0,9779000000.0,,,,,2440000000.0,,15356000000.0,11618000000.0,26974000000.0,26974000000.0,,21239000000.0,,,822000000.0,2709000000.0,,-2164000000.0,,45000000.0,,11971000000.0,,218000000.0,,3396000000.0,,,,,,,466000000.0,2430000000.0,9907000000.0,,,4224000000.0,-48000000.0,,7339000000.0,,,,,,,63000000.0,,145000000.0,,,791000000.0,,,,,,,,,252000000.0,,,,,-11617000000.0,355000000.0,7375000000.0,5641000000.0,,790000000.0,,1544000000.0,699000000.0,45000000.0,-43000000.0,-43000000.0,,465000000.0,354000000.0,354000000.0,4606000000.0,,,299000000.0,,,,3827000000.0,-1401000000.0,,,,254000000.0,1404000000.0,1341000000.0,-551000000.0,822000000.0,-2164000000.0,0.0,,1250000000.0,2946000000.0,,,,,,,,,,,,,,,,,,,
LLY,2024-12-31,769.67,770.67,414300000.0,-2500000000.0,-664200000.0,11417100000.0,-8403600000.0,3268400000.0,2818600000.0,-296700000.0,746500000.0,1230100000.0,-490600000.0,,-4680400000.0,-4680400000.0,-2500000000.0,-2500000000.0,8901100000.0,10752900000.0,-664200000.0,11417100000.0,-9301500000.0,-253300000.0,-775800000.0,-947700000.0,,-947700000.0,-2744500000.0,-3345800000.0,-5057800000.0,-5057800000.0,8817900000.0,,,-5385000000.0,2608800000.0,-3331200000.0,-2507400000.0,4057800000.0,1766600000.0,,,,-223800000.0,10590000000.0,50365000.0,897538000.0,947903000.0,30375800000.0,33644200000.0,2255500000.0,47836300000.0,4363100000.0,2255500000.0,,14192100000.0,42719200000.0,14271600000.0,79500000.0,14192100000.0,-3013200000.0,49500000.0,13545000000.0,592400000.0,592400000.0,64443300000.0,36066700000.0,4060900000.0,,28527100000.0,,28527100000.0,,28376600000.0,5051400000.0,5117100000.0,,5117100000.0,2093900000.0,,4574900000.0,,,3228600000.0,78714900000.0,45975200000.0,,8000600000.0,,1209400000.0,998000000.0,2006500000.0,,11936600000.0,6166300000.0,5770300000.0,17102400000.0,-11789000000.0,28891400000.0,8244800000.0,11457800000.0,,8806800000.0,382000000.0,0.0,32739700000.0,8340500000.0,7589200000.0,,1220800000.0,2269700000.0,,11005700000.0,-14900000.0,11020600000.0,3423200000.0,3268400000.0,-691432500.0,0.165,19418100000.0,-4190500000.0,-4190500000.0,10590000000.0,1766600000.0,8418300000.0,15227600000.0,13461000000.0,-605400000.0,780600000.0,175200000.0,14089067500.0,10590000000.0,27541000000.0,904059000.0,897538000.0,11.71,11.798943,10590000000.0,10590000000.0,,10590000000.0,,10590000000.0,10590000000.0,2090400000.0,12680400000.0,-4141000000.0,3715400000.0,,-605400000.0,,780600000.0,175200000.0,17501700000.0,19122700000.0,,,,,8132100000.0,8132100000.0,36624400000.0,8418300000.0,45042700000.0,45042700000.0,,522500000.0,,,-2155200000.0,645600000.0,,-2683100000.0,,,,7439300000.0,,,,8000600000.0,,,,,,,3979500000.0,2326000000.0,154800000.0,,,,-25400000.0,,10990600000.0,,,-298200000.0,,,,2178200000.0,1300500000.0,5719700000.0,211400000.0,,111400000.0,,,,425600000.0,,,,,,601300000.0,,,,1230100000.0,,-9301500000.0,8817900000.0,,2608800000.0,,1766600000.0,,-174000000.0,-4321900000.0,-4321900000.0,,,,,16114200000.0,,,3215900000.0,,,62900000.0,13275400000.0,-4215900000.0,,-49500000.0,8593800000.0,,,,2608800000.0,,-2683100000.0,,1300500000.0,,11539300000.0,,-1851800000.0,,,1346300000.0,,-461700000.0,,,,,,,,,,,,
TER,2024-12-31,126.68,125.79,474081000.0,-198574000.0,-185000000.0,185000000.0,-198095000.0,553354000.0,757571000.0,-2284000.0,-201933000.0,-251767000.0,,,-76423000.0,-76423000.0,-198574000.0,-198574000.0,0.0,0.0,-185000000.0,185000000.0,-622342000.0,16592000.0,-45796000.0,-441712000.0,90348000.0,-532060000.0,,,-198095000.0,-198095000.0,672176000.0,,,29690000.0,-54386000.0,119454000.0,8707000.0,-8104000.0,119741000.0,18764000.0,100977000.0,,,542372000.0,,161722000.0,161722000.0,,76621000.0,2408000000.0,2819294000.0,1191818000.0,2408000000.0,76621000.0,2819294000.0,2819294000.0,2819294000.0,,2819294000.0,,,970761000.0,20215000.0,20215000.0,889420000.0,264841000.0,24596000.0,1038000.0,57922000.0,57922000.0,,,624579000.0,,18699000.0,18699000.0,,204991000.0,,202402000.0,,67610000.0,134792000.0,3708714000.0,1892317000.0,,222438000.0,,124121000.0,124121000.0,494494000.0,,411294000.0,15927000.0,395367000.0,578356000.0,-953890000.0,1532246000.0,5678000.0,70185000.0,1186216000.0,183371000.0,19409000.0,0.0,1816397000.0,429086000.0,298492000.0,,30613000.0,,,471426000.0,-2111000.0,473537000.0,599666000.0,553354000.0,4071704.0,0.098,690866000.0,41548000.0,41548000.0,542372000.0,119741000.0,1069976000.0,732414000.0,612673000.0,21185000.0,3587000.0,24772000.0,504895704.0,542372000.0,2267640000.0,163314000.0,159083000.0,3.32,3.41,542372000.0,542372000.0,,542372000.0,,542372000.0,542372000.0,59503000.0,609086000.0,41548000.0,,15571000.0,21185000.0,,3587000.0,24772000.0,552240000.0,1096687000.0,,18764000.0,18764000.0,,617047000.0,,1648927000.0,1170953000.0,2819880000.0,2819880000.0,,62388000.0,,,-52659000.0,60122000.0,18922000.0,-46360000.0,-4355000.0,10056000.0,-57119000.0,1909538000.0,,40505000.0,11994000.0,222438000.0,,,,,,,41964000.0,225915000.0,46312000.0,292178000.0,261176000.0,593788000.0,-5887000.0,,460876000.0,,,873000.0,,,,,133338000.0,49620000.0,,,17727000.0,0.0,,,,,,,,,,,,7442000.0,-251767000.0,23230000.0,-622342000.0,672176000.0,8574000.0,-54386000.0,,119741000.0,18764000.0,-44207000.0,-81220000.0,-81220000.0,,41543000.0,107710000.0,107710000.0,293179000.0,67610000.0,,618615000.0,,67387000.0,,471426000.0,35661000.0,,,,767000.0,121428000.0,,-54386000.0,-52659000.0,-46360000.0,,133338000.0,,90777000.0,,,,,,57119000.0,,7211000.0,,0.0,-7211000.0,,18764000.0,18764000.0,,,,,
NFLX,2024-12-31,901.8,891.32,6921826000.0,-6263746000.0,-400000000.0,1794460000.0,-439538000.0,7807337000.0,7118515000.0,-416331000.0,1105153000.0,-4074427000.0,-38028000.0,,,,-5430859000.0,-6263746000.0,1394460000.0,1394460000.0,-400000000.0,1794460000.0,-2181784000.0,-1742246000.0,-1742246000.0,0.0,,0.0,,,-439538000.0,-439538000.0,7361364000.0,,,-33075000.0,121353000.0,,,-16507974000.0,15630431000.0,15301517000.0,328914000.0,-121539000.0,,8711631000.0,24784254.0,427757100.0,452541354.0,7778071000.0,15582804000.0,-7708895000.0,40326371000.0,2344979000.0,-7708895000.0,,24743567000.0,38541918000.0,24743567000.0,,24743567000.0,,13171638000.0,31300917000.0,6252126000.0,6252126000.0,28886807000.0,18131407000.0,,,13798351000.0,,13798351000.0,,10755400000.0,4393681000.0,1784453000.0,,1784453000.0,,,899909000.0,,,899909000.0,53630374000.0,40529995000.0,,,,,,,,32452462000.0,32452462000.0,,1593756000.0,-917537000.0,2511293000.0,228300000.0,,695716000.0,475684000.0,85000000.0,0.0,13100379000.0,431924000.0,,,,,653000000.0,1335304000.0,,,9583739000.0,7804733000.0,0.0,0.13,26314821000.0,,,8711631000.0,15630431000.0,21038464000.0,26314821000.0,10684390000.0,-451957000.0,718733000.0,266776000.0,8711631000.0,8711631000.0,28583352000.0,439261000.0,429519000.0,19.83,20.28,8711631000.0,8711631000.0,,8711631000.0,,8711631000.0,8711631000.0,1254026000.0,9965657000.0,,,,-451957000.0,,718733000.0,266776000.0,10417614000.0,7544888000.0,,,,,4619593000.0,1702039000.0,17962502000.0,21038464000.0,39000966000.0,39000966000.0,,0.0,,,,272588000.0,,-590698000.0,,,,,,,,,,,,,,,,,1779006000.0,2940526000.0,4864207000.0,10417614000.0,,,2925295000.0,,,,,,22180000.0,4333056000.0,,6483777000.0,,,1096412000.0,,,,,2917554000.0,,832887000.0,832887000.0,,,,,,-4074427000.0,,-2181784000.0,7361364000.0,-368507000.0,313252000.0,,15630431000.0,15301517000.0,-121539000.0,362162000.0,362162000.0,,,1520813000.0,1520813000.0,3056453000.0,,,,,1026593000.0,,1988304000.0,,,,1702039000.0,674502000.0,1641530000.0,191899000.0,121353000.0,,-590698000.0,0.0,,,2156544000.0,,,,,,,,,,,,,,,,,,,
EQNR,2024-12-31,23.36,23.69,7933000000.0,-6013000000.0,-4083000000.0,,-12177000000.0,8120000000.0,9641000000.0,-359000000.0,-1162000000.0,-17741000000.0,,,-8578000000.0,-8578000000.0,-6013000000.0,-6013000000.0,-3150000000.0,-4083000000.0,-4083000000.0,,-3532000000.0,9507000000.0,,-1710000000.0,,-1710000000.0,,,,,20110000000.0,-20592000000.0,1841000000.0,2218000000.0,,,,-2334000000.0,9906000000.0,,9906000000.0,-166000000.0,,30986000000.0,65254402.0,2727526828.0,2792781230.0,20682000000.0,30095000000.0,37835000000.0,68927000000.0,17146000000.0,37835000000.0,3510000000.0,42342000000.0,61703000000.0,42380000000.0,38000000.0,42342000000.0,,,52407000000.0,1052000000.0,1052000000.0,88761000000.0,52713000000.0,,12726000000.0,21622000000.0,2261000000.0,19361000000.0,12927000000.0,36048000000.0,2149000000.0,8473000000.0,1249000000.0,7224000000.0,,706000000.0,22469000000.0,,10319000000.0,6838000000.0,131141000000.0,77944000000.0,1261000000.0,4900000000.0,,5616000000.0,579000000.0,2471000000.0,,4507000000.0,3064000000.0,1443000000.0,56706000000.0,-133818000000.0,190524000000.0,17354000000.0,7514000000.0,1446000000.0,,,164210000000.0,53194000000.0,,4031000000.0,412000000.0,873000000.0,3867000000.0,,12726000000.0,,,21238000000.0,5903000000.0,-35420000.0,0.22,42110000000.0,-161000000.0,-161000000.0,8806000000.0,9906000000.0,59875000000.0,41949000000.0,32043000000.0,744000000.0,1057000000.0,1801000000.0,8931580000.0,8806000000.0,72148000000.0,2827000000.0,2821000000.0,3.11,3.12,8806000000.0,8806000000.0,,8806000000.0,-23000000.0,8829000000.0,8829000000.0,22157000000.0,30986000000.0,,,,744000000.0,,1057000000.0,1801000000.0,30354000000.0,12273000000.0,11018000000.0,,,,1255000000.0,,42627000000.0,59875000000.0,102502000000.0,101298000000.0,,,,-891000000.0,,,,,,-86000000.0,,0.0,1958000000.0,,1717000000.0,4900000000.0,648000000.0,,,1024000000.0,,2217000000.0,,2746000000.0,15335000000.0,2379000000.0,3524000000.0,30927000000.0,,,,,,848000000.0,-12177000000.0,,,-2000000.0,3482000000.0,-801000000.0,2090000000.0,,,7227000000.0,,,,,,,,,,,,,-17741000000.0,,-3533000000.0,20109000000.0,,,,9906000000.0,,-1024000000.0,-11117000000.0,,-11385000000.0,12726000000.0,,,24720000000.0,,919000000.0,8087000000.0,2947000000.0,,,17457000000.0,-112000000.0,49000000.0,-161000000.0,,,,,,,,,3482000000.0,7224000000.0,2251000000.0,,933000000.0,,,1906000000.0,,,,,,,,,,,268000000.0,,3406000000.0,864000000.0
