Price,Close,Close,Close,Close,High,High,High,High,Low,Low,Low,Low,Open,Open,Open,Open,Volume,Volume,Volume,Volume,Daily Change (%),30-Day Change (%),1-Year Change (%),Year-To-Date (YTD) Change (%),Year-To-Date (YTD) Change (%),Year-To-Date (YTD) Change (%),Year-To-Date (YTD) Change (%),Daily Change (%),30-Day Change (%),1-Year Change (%),Daily Change (%),30-Day Change (%),1-Year Change (%),Daily Change (%),30-Day Change (%),1-Year Change (%)
Ticker,AAPL,MSFT,NATH,NVO,AAPL,MSFT,NATH,NVO,AAPL,MSFT,NATH,NVO,AAPL,MSFT,NATH,NVO,AAPL,MSFT,NATH,NVO,AAPL,AAPL,AAPL,AAPL,MSFT,NATH,NVO,MSFT,MSFT,MSFT,NATH,NATH,NATH,NVO,NVO,NVO
Date,,,,,,,,,,,,,,,,,,,,,,,,,,,,,,,,,,,,
2024-01-02,184.73,368.85,75.37,101.0,187.52,373.86,75.39,101.51,182.99,364.78,74.73,100.6,186.24,371.83,74.73,100.6,82488700,25258600,3100,2637400,,,,0.0,0.0,0.0,0.0,,,,,,,,,
2024-01-03,183.35,368.59,73.92,102.49,184.97,371.23,75.52,102.71,182.54,366.51,73.05,100.92,183.32,367.0,75.52,100.94,58414500,23083500,6500,4064100,-0.7470362150165055,,,-0.7470362150165055,-0.07048935881796003,-1.9238423776038238,1.4752475247524766,-0.07048935881796003,,,-1.9238423776038238,,,1.4752475247524766,,
2024-01-04,181.02,365.94,73.85,106.46,182.2,371.07,74.25,107.8,180.0,365.17,72.97,103.89,181.26,368.66,74.25,103.97,71983600,20901500,5400,9132800,-1.2707935642214285,,,-2.0083364910950974,-0.7889385929239601,-2.016717526867462,5.405940594059411,-0.7189560215958068,,,-0.09469696969698349,,,3.8735486388915996,,
2024-01-05,180.3,365.75,73.25,104.83,181.87,370.04,74.0,106.03,179.29,364.51,72.71,104.57,181.1,366.96,72.96,105.4,62303300,20987000,5200,3974100,-0.3977461054027187,,,-2.398094516321103,-0.8404500474447629,-2.8127902348414557,3.7920792079207954,-0.05192107995846129,,,-0.8124576844955933,,,-1.5310914897614047,,
2024-01-08,184.66,372.65,72.31,105.24,184.7,373.16,72.31,105.38,180.62,367.0,71.79,104.13,181.2,367.29,72.14,105.03,59144500,23134000,3600,2880700,2.418191902384903,,,-0.0378931413414163,1.030229090416146,-4.059970810667379,4.198019801980202,1.8865345181134696,,,-1.2832764505119387,,,0.3911094152437178,,
2024-01-09,184.24,373.75,70.67,105.79,184.25,373.95,71.39,105.81,181.84,369.17,70.67,104.57,183.02,369.99,71.39,104.98,42841800,20830000,1900,3681100,-0.22744503411674666,,,-0.2652519893899141,1.3284533007997812,-6.235902879129629,4.742574257425747,0.2951831477257638,,,-2.268012722998203,,,0.5226149752945775,,
2024-01-10,185.28,380.69,71.29,107.49,185.49,382.08,72.18,107.59,183.02,374.27,70.27,106.51,183.45,374.32,70.29,106.66,46792900,25514200,3500,4725900,0.5644811115935733,,,0.29773182482542015,3.2099769554019275,-5.413294414223158,6.4257425742574314,1.8568561872909672,,,0.8773171076836173,,,1.6069571793175141,,
2024-01-11,184.69,382.54,69.58,105.53,186.14,388.56,70.29,107.51,182.72,378.31,69.58,104.83,185.63,383.9,70.29,107.13,49128400,27850800,4300,5021300,-0.31843696027633595,,,-0.021653223623663287,3.7115358546834676,-7.682101631949056,4.485148514851489,0.4859597047466524,,,-2.398653387571903,,,-1.8234254349241752,,
2024-01-12,185.01,386.36,70.02,106.0,185.83,386.57,72.36,106.3,184.29,382.56,69.43,105.56,185.15,383.39,70.56,105.78,40444700,21645700,3900,3582900,0.17326330608045115,,,0.1515725653656652,4.747187203470249,-7.098314979434795,4.950495049504955,0.9985883829142006,,,0.6323656223052643,,,0.4453709845541498,,
2024-01-16,182.73,388.15,69.55,105.19,183.36,391.89,70.85,105.88,180.05,385.51,69.55,104.71,181.27,391.52,70.64,105.7,65603000,27202300,6000,3131300,-1.2323658180638852,,,-1.082661181183353,5.2324793276399495,-7.721905267347761,4.148514851485152,0.46329847810331337,,,-0.6712367894887161,,,-0.7641509433962246,,
2024-01-17,181.79,387.35,70.44,105.52,182.04,387.99,70.83,105.95,179.42,382.72,69.53,104.39,180.39,385.87,69.53,105.16,47317400,22234100,3800,2685800,-0.5144201827833372,,,-1.591511936339518,5.015588992815512,-6.541064083852999,4.475247524752479,-0.20610588689938814,,,1.2796549245147393,,,0.31371803403366094,,
2024-01-18,187.71,391.73,69.05,106.38,188.22,391.85,70.64,106.53,184.92,388.0,69.05,104.77,185.18,389.59,70.64,105.14,78005800,23392100,2500,3364500,3.256504758237533,,,1.6131651599631924,6.203063575979395,-8.385299190659424,5.3267326732673315,1.1307602943074757,,,-1.973310618966495,,,0.8150113722517061,,
2024-01-19,190.63,396.5,70.29,105.8,191.01,396.5,70.8,106.74,187.9,391.36,69.97,105.34,188.41,393.61,69.97,106.03,68741000,29272000,2400,3572000,1.5555910713334287,,,3.193850484490879,7.496272197370191,-6.740082260846492,4.752475247524757,1.2176754397161371,,,1.7958001448226124,,,-0.5452152660274434,,
2024-01-22,192.94,394.35,69.27,104.34,194.38,398.44,69.27,105.45,191.32,391.45,69.18,104.34,191.36,397.85,69.18,105.16,60133900,27016900,2700,2907000,1.2117714945181879,,,4.444324148757661,6.913379422529475,-8.093405864402293,3.30693069306931,-0.5422446406052939,,,-1.4511310285958312,,,-1.3799621928166306,,
2024-01-23,194.23,396.73,69.63,104.23,194.8,397.21,70.41,104.34,192.89,391.79,69.63,102.26,194.07,393.6,70.02,102.57,42355600,20525900,3300,8654600,0.6686016378148585,,,5.142640610620908,7.558628168632242,-7.6157622396178954,3.198019801980201,0.6035247876251981,,,0.5197055002165385,,,-0.1054245735096826,,
2024-01-24,193.55,400.37,69.52,104.07,195.42,403.43,70.27,105.87,193.39,398.27,69.34,104.07,194.47,399.36,69.92,105.49,53631300,24867000,6600,2537500,-0.3501003964372029,,,4.774535809018587,8.545479192083505,-7.7617089027464665,3.0396039603960423,0.9175005671363312,,,-0.15797788309636074,,,-0.15350666794590184,,
2024-01-25,193.22,402.67,69.96,104.53,195.31,404.8,70.22,104.58,192.17,400.34,69.04,103.67,194.27,402.12,69.69,104.58,54822100,21021200,7300,2275100,-0.17049857917851297,,,4.5958967141233265,9.169038904703797,-7.177922250232205,3.495049504950498,0.5744686165297219,,,0.6329113924050667,,,0.442010185452113,,
2024-01-26,191.48,401.73,71.23,106.9,193.81,403.96,71.23,107.02,191.0,400.24,70.71,105.26,193.32,402.17,71.0,105.37,44594000,17803300,4500,5544700,-0.9005278956629836,,,3.653981486493807,8.914192761285067,-5.492901685020568,5.841584158415847,-0.23344177614423867,,,1.8153230417381483,,,2.2672916865971615,,
2024-01-29,190.8,407.49,71.82,107.84,191.26,407.75,72.26,107.84,188.66,402.13,71.37,106.53,191.07,403.85,71.37,106.96,47145600,24510200,2800,3915900,-0.35512847294755234,,,3.2858766848914644,10.475803172021148,-4.710096855512813,6.772277227722778,1.4337988201030605,,,0.8283026814544181,,,0.87932647333957,,
2024-01-30,187.12,406.37,72.24,107.84,190.86,410.8,72.24,108.14,186.56,404.24,72.24,107.28,190.01,410.02,72.24,108.0,55859400,33477600,1800,5105000,-1.9287211740041998,,,1.293780111514109,10.1721567032669,-4.1528459599310175,6.772277227722778,-0.27485337063486437,,,0.5847953216374213,,,0.0,,
2024-01-31,183.5,395.42,69.87,113.49,186.19,413.06,73.45,114.86,183.45,395.05,69.87,110.93,186.13,404.75,71.24,110.93,55467800,47871100,3400,12716100,-1.9345874305258692,,,-0.6658366264277515,7.203470245357191,-7.297333156428287,12.366336633663355,-2.694588675345122,,,-3.2807308970099536,,,5.239243323442122,,
2024-02-01,185.95,401.59,69.53,114.53,186.04,405.78,70.56,114.6,182.92,399.62,68.55,112.11,183.09,399.65,68.55,112.76,64885400,30657700,11800,6837200,1.335149863760221,,,0.6604233205218524,8.876236952690775,-7.748441024280217,13.396039603960407,1.560366192908802,,,-0.48661800486617945,,,0.9163802978235935,,
2024-02-02,184.94,408.98,66.83,112.46,186.42,410.41,69.97,113.35,178.38,401.37,66.83,112.01,178.98,401.62,68.16,112.52,102518000,28245000,3800,5136000,-0.5431567625705735,,,0.11367942402424891,10.879761420631695,-11.3307682101632,11.346534653465334,1.8401852635772986,,,-3.8832158780382597,,,-1.8073867109054453,,
2024-02-05,186.77,403.45,65.42,116.98,188.33,408.93,67.08,117.31,184.93,401.79,65.42,115.01,187.23,407.67,66.5,115.13,69668800,25352300,5800,8730300,0.9895101113874816,,,1.1043144048070275,9.380506981157644,-13.20153907390209,15.821782178217836,-1.352144359137375,,,-2.109830914260058,,,4.019206829094801,,
2024-02-06,188.38,403.29,64.28,116.33,188.39,405.75,65.67,117.41,185.86,400.72,61.71,115.39,185.95,403.67,61.71,117.04,43490800,18382600,3700,6274900,0.8620228088022541,,,1.9758566556596246,9.33712891419276,-14.71407721905268,15.17821782178217,-0.039657950179694534,,,-1.7425863650259887,,,-0.5556505385536092,,
2024-02-07,188.49,411.8,63.95,117.37,190.12,412.05,64.78,118.37,187.69,405.19,63.72,115.54,189.71,405.23,64.28,115.7,53439000,22340500,10200,6206000,0.058392610680546575,,,2.0354030206247042,11.644299850887885,-15.15191720843837,16.20792079207922,2.110144065064845,,,-0.5133789670192845,,,0.8940084243101554,,
2024-02-08,187.4,411.86,64.56,117.1,188.62,413.3,65.42,117.34,186.44,410.29,64.52,116.23,188.47,411.8,65.42,116.77,40962000,21225300,2800,4544700,-0.5782800148549039,,,1.4453526768797742,11.660566625999724,-14.342576621998148,15.940594059405932,0.014570179698880636,,,0.9538702111024255,,,-0.23004174831730007,,
2024-02-09,188.17,418.26,65.37,119.88,189.31,418.53,66.1,120.33,187.32,412.83,65.37,118.18,187.97,412.99,65.56,118.7,45155200,22032800,4600,5294500,0.41088580576307265,,,1.8621772316353535,13.39568930459536,-13.267878466233253,18.69306930693069,1.5539260913902675,,,1.2546468401487099,,,2.3740392826643975,,
2024-02-12,186.48,413.0,66.21,119.22,187.99,418.45,66.99,119.54,186.12,412.5,65.38,117.99,187.74,418.27,65.38,119.11,41781900,21202900,6000,4497800,-0.8981240367752608,,,0.9473285335354298,11.969635353124563,-12.153376675069671,18.039603960396033,-1.257590972122602,,,1.2849931161082795,,,-0.5505505505505437,,
2024-02-13,184.37,404.11,65.41,118.69,185.54,407.84,65.92,119.24,182.85,401.2,64.16,118.13,185.1,402.74,65.92,118.36,56529500,27824900,9700,4186600,-1.1314886314886197,,,-0.1948790126129918,9.559441507387834,-13.21480695236833,17.514851485148508,-2.1525423728813498,,,-1.2082766953632307,,,-0.4445562825029392,,
2024-02-14,183.49,408.02,66.56,121.95,184.86,408.37,66.59,122.0,181.78,403.11,65.61,119.07,184.65,406.6,65.78,119.2,54630500,20401200,12600,5678200,-0.47730107935129995,-0.6712499323336618,,-0.6712499323336618,10.61949301884233,-11.689000928751492,20.742574257425737,0.9675583380762687,10.61949301884233,,1.7581409570402107,-11.689000928751492,,2.746650939422035,20.742574257425737,
2024-02-15,183.2,405.1,68.62,120.43,183.82,407.66,69.55,121.81,180.7,402.84,65.61,119.77,182.89,406.67,66.6,121.45,65434500,21825500,16100,4764000,-0.15804676004143037,-0.0818107444777727,,-0.8282358036052595,9.827843296733096,-8.955817964707446,19.237623762376256,-0.7156511935689336,9.905314848476632,,3.0949519230769162,-7.169913419913421,,-1.2464124641246355,17.504146746024006,
2024-02-16,181.65,402.61,67.09,122.66,184.18,406.82,70.54,123.29,181.02,401.99,67.09,120.23,182.76,406.49,68.94,120.52,49701400,22281100,4800,6607200,-0.8460698689956248,0.34802784222738303,,-1.6672982190223506,9.15277212959198,-10.985803370041136,21.44554455445544,-0.6146630461614455,10.020768431983385,,-2.2296706499562835,-9.153689911983742,,1.8516980818732875,15.216982904377229,
2024-02-20,180.91,401.34,67.8,120.13,181.77,403.04,68.95,123.4,179.35,396.58,67.18,119.41,181.13,401.79,67.18,123.27,53665600,24307900,2900,5070400,-0.40737682356180027,0.3383250138657701,,-2.067882856060188,8.808458723058132,-10.043783998938583,18.940594059405935,-0.3154417426293521,9.7306903622693,,1.0582799224921668,-7.440273037542666,,-2.0626120984836183,14.595058666412285,
2024-02-21,181.66,400.73,67.07,119.62,182.23,400.84,68.08,119.68,180.01,395.79,67.07,117.01,181.28,398.73,67.57,117.71,41529700,18631100,5000,4122300,0.4145707810513599,-1.624607386548249,,-1.6618849131164404,8.643079842754497,-11.012339126973615,18.43564356435643,-0.15199083071708586,7.535220716490021,,-1.0766961651917484,-7.246577236896712,,-0.42454008157828405,13.66400608133791,
2024-02-22,183.71,410.17,68.06,123.17,184.29,411.35,68.06,123.51,181.8,407.1,67.08,121.67,182.82,408.71,67.39,121.73,52292200,27009900,4900,3589500,1.1284817791478607,-0.2876682587928836,,-0.5521572024035026,11.202385793683067,-9.698819158816507,21.950495049504948,2.3557008459561324,9.744481605351174,,1.4760697778440468,-3.693222017829345,,2.9677311486373537,16.42877398619906,
2024-02-23,181.86,408.86,68.27,122.11,184.37,414.36,68.27,122.82,181.57,407.5,68.27,121.57,184.34,414.18,68.27,122.33,45119700,16295900,1300,3759400,-1.0070219367481315,-1.8458549222797882,,-1.5536187949980906,10.847227870408016,-9.420193711025615,20.900990099009896,-0.31937976936392554,7.399721558223238,,0.308551278283864,-4.236218263431068,,-0.8605991718762751,13.601265233975269,
2024-02-26,180.51,406.07,68.06,122.15,182.1,410.68,68.85,122.82,180.0,405.89,68.06,121.46,181.58,409.98,68.41,121.86,40867400,16193500,3300,4451800,-0.7423292642692259,-2.263251935676003,,-2.2844150922968653,10.090822827707724,-9.698819158816507,20.94059405940594,-0.682385168517341,6.150990746065754,,-0.30760216786288597,-2.184535786145436,,0.03275734993040125,15.749076092106517,
2024-02-27,181.97,406.01,68.12,120.9,183.26,406.85,68.55,121.23,178.91,402.4,68.12,118.49,180.45,406.52,68.55,118.67,54318900,14835800,1300,7637000,0.8088194559858319,-1.6431544240851803,,-1.494072430033011,10.074556052595906,-9.619211888019109,19.702970297029697,-0.014775777575293247,5.085930220519708,,0.08815750808111034,-2.71351042559268,,-1.023331968890706,14.056603773584907,
2024-02-28,180.77,406.25,68.84,120.22,182.46,407.83,69.24,120.82,179.48,403.86,68.78,119.62,181.85,406.71,68.78,120.63,48953900,13183100,2400,3075200,-0.6594493597845696,-1.0726208066546117,,-2.1436691387430207,10.139623153043242,-8.663924638450315,19.029702970297024,0.05911184453584184,4.663145691098802,,1.0569583088666956,-1.0208483105679234,,-0.5624483043837891,14.28843045916912,
2024-02-29,180.1,412.15,69.29,118.47,181.91,412.71,69.29,118.97,178.88,404.46,69.2,117.62,180.62,407.17,69.2,118.8,136682600,31947300,2700,5479800,-0.3706367206948169,-0.9296440948347029,,-2.506360634439453,11.73918937237357,-8.066870107469814,17.297029702970292,1.452307692307686,6.402478378727228,,0.6536897152818133,-1.6325951164111174,,-1.4556646148727315,12.272554965883241,
2024-03-01,179.01,414.01,68.86,122.88,179.88,414.37,69.25,123.08,176.74,409.4,68.86,120.92,178.9,409.79,69.25,121.47,73488000,17800300,2000,5559600,-0.6052193225985603,-4.634809013904439,,-3.096410978184372,12.24345940084044,-8.637388881517849,21.66336633663366,0.4512920053378666,5.687590942741161,,-0.6205801702987568,-0.2751629254163612,,3.722461382628506,15.510434292160191,
2024-03-04,174.47,413.43,70.37,126.56,176.26,415.85,70.37,127.37,173.16,410.84,68.87,125.61,175.51,411.95,68.87,125.95,81510100,17596000,2400,6816900,-2.5361711636221362,-8.477154697581701,,-5.554051859470577,12.086213908092724,-6.633939233116626,25.306930693069308,-0.14009323446293465,4.269861286254728,,2.19285506825444,0.11381419832123818,,2.994791666666674,19.621928166351623,
2024-03-05,169.51,401.2,67.32,123.3,171.42,412.76,69.71,125.45,169.01,399.2,67.32,122.62,170.14,412.47,69.71,124.88,95132400,26919200,7200,4807800,-2.842895626755315,-12.143671607753713,,-8.23905158880528,8.770502914463862,-10.680642165317778,22.079207920792076,-2.9581791355247633,1.7370356282490063,,-4.334233338070215,-2.81507145950628,,-2.5758533501896386,18.171362852213903,
2024-03-06,168.51,400.64,67.83,123.39,170.62,403.7,67.83,123.82,168.07,396.96,67.83,122.02,170.44,401.52,67.83,123.01,68587700,22344100,1500,3895500,-0.5899356970090253,-13.24203264171343,,-8.780382179396963,8.61867968008674,-10.003980363539878,22.168316831683164,-0.13958125623130258,0.9855569278854448,,0.7575757575757569,-2.585092632485997,,0.07299270072993469,18.382423486520196,
2024-03-07,168.39,407.67,68.13,134.44,170.11,408.31,68.13,136.78,167.88,400.79,68.13,131.43,168.54,404.66,68.13,131.99,71765100,18718500,1800,19606800,-0.07121239095603249,-12.999225006458293,,-8.845341850267962,10.524603497356644,-9.60594400955288,33.10891089108912,1.7546924920127882,1.82331343507256,,0.442282176028308,-1.999424626006907,,8.955344841559288,29.182281156913614,
2024-03-08,170.11,404.76,68.15,131.62,173.07,408.94,68.55,133.37,168.33,402.88,68.15,129.68,168.39,406.49,68.55,132.45,76114600,17971700,2000,12725100,1.0214383276916816,-11.960459579753646,,-7.914253234450264,9.735664904432696,-9.579408252620404,30.31683168316832,-0.7138126425785596,0.5190354384483564,,0.02935564362249732,-2.587192681532291,,-2.0975900029753025,25.91600497464843,
2024-03-11,172.13,403.07,67.76,129.81,173.75,404.22,67.86,132.07,171.43,399.82,67.76,129.33,172.32,402.31,67.84,131.92,60139500,16120800,2400,5734500,1.1874669331608745,-10.105494046375597,,-6.82076544145509,9.277484072116039,-10.096855512803504,28.524752475247528,-0.4175313766182409,0.3335573643989731,,-0.572267057960385,-4.871542889232061,,-1.375170946664639,21.431244153414397,
2024-03-12,172.61,413.79,68.09,133.64,173.4,414.08,68.09,133.65,170.39,405.33,68.06,130.02,172.53,406.15,68.06,130.17,59825400,22457000,1300,6340600,0.2788590019171755,-9.533542976939202,,-6.560926757971075,12.183814558763718,-9.659015523417802,32.3168316831683,2.659587664673646,1.5460502098211037,,0.48701298701299134,-5.193539404065706,,2.9504660657884374,23.924332344213628,
2024-03-13,170.51,413.61,68.83,132.04,172.57,416.68,68.83,134.03,170.14,409.97,68.3,131.26,172.15,416.6,68.3,132.78,52488700,17115900,3300,6847000,-1.2166154915706051,-8.876656690893547,,-7.697720998213608,12.13501423342822,-8.677192516916554,30.732673267326717,-0.0435003262524436,1.781627580776135,,1.0867968864737731,-4.720376522702097,,-1.1972463334330996,22.44065281899108,
2024-03-14,172.38,423.69,67.28,133.12,173.68,426.28,69.03,134.44,171.43,416.49,67.17,132.42,172.29,418.73,69.02,134.37,72913500,34157300,5200,3506900,1.0967098703888345,-6.059945504087194,,-6.685432793807178,14.867832452216344,-10.7337136791827,31.80198019801981,2.437078407195181,7.149360173992214,,-2.251925032689228,-3.7068842135394298,,0.8179339594062585,17.296678121420396,
2024-03-15,172.0,414.92,67.43,130.93,172.0,421.08,67.76,132.54,169.68,411.31,66.28,130.43,170.55,417.78,67.02,132.43,121664700,45049800,15500,3777700,-0.22044320686854801,-7.502016671148148,,-6.891138418232012,12.490172156703272,-10.534695502189194,29.633663366336638,-2.0699096037196996,3.319305759605573,,0.2229488703924032,-3.02027901625197,,-1.6451322115384581,14.319392298960976,
2024-03-18,173.09,415.82,66.89,131.45,177.07,419.22,67.52,132.3,172.89,412.29,66.23,129.65,174.94,412.76,66.23,130.14,75604200,20106000,2700,3898800,0.6337209302325508,-6.407483508164802,,-6.301088074487082,12.734173783380776,-11.2511609393658,30.14851485148513,0.21690928371733698,1.6724534207051667,,-0.800830490879445,0.08978003890469655,,0.3971587871381521,16.88600391250221,
2024-03-19,175.45,419.89,67.58,129.94,175.97,420.15,68.44,130.77,172.41,414.06,67.45,129.09,173.71,416.33,67.45,130.61,55215200,19837900,2600,4393500,1.3634525391414742,-6.060930556299205,,-5.023547880690737,13.837603361800177,-10.335677325195714,28.653465346534656,0.9787888990428595,4.074854380964177,,1.0315443265062063,3.3017425863650196,,-1.1487257512362015,11.078816891776366,
2024-03-20,178.03,423.7,68.09,128.94,178.03,424.43,68.09,130.0,174.46,419.15,67.56,127.43,175.09,420.48,67.56,129.72,53423100,17860100,3100,4403900,1.4705044172128812,-5.494213823123473,,-3.626914956964211,14.870543581401652,-9.659015523417802,27.663366336633665,0.9073805044178318,5.060874308810037,,0.7546611423498106,5.9271935283136346,,-0.7695859627520396,10.839852144760599,
2024-03-21,170.75,427.83,69.21,128.42,176.85,429.27,69.21,129.65,170.22,425.62,68.55,125.73,176.41,428.28,68.55,127.6,106181300,21296200,3600,6548800,-4.089198449699493,-9.41163987479442,,-7.567801656471607,15.990239934932893,-8.173013135199692,27.148514851485128,0.9747462827472297,3.8926663428848984,,1.6448817741224753,8.225175918686457,,-0.40328835117109385,9.414671551503773,
2024-03-22,171.66,427.2,68.28,128.28,172.43,428.31,68.28,129.01,169.45,424.54,68.13,127.63,171.14,428.15,68.13,128.74,71106600,17636500,2300,3225800,0.5329428989750973,-8.399146211312702,,-7.075190819033184,15.819438796258623,-9.406925832559377,27.009900990099013,-0.1472547507187394,3.7245666003010713,,-1.3437364542696062,5.762081784386619,,-0.1090172870269357,9.5473953885568,
2024-03-25,170.23,421.34,67.42,128.57,171.32,425.87,68.07,129.76,168.84,420.09,67.42,128.23,169.96,423.71,68.07,128.52,54288300,18060500,3200,3320000,-0.8330420598858246,-9.533932082691187,,-7.849293563579273,14.230717093669497,-10.547963380655434,27.2970297029703,-1.3717228464419473,0.7363840673265454,,-1.2595196250732243,3.135995104788125,,0.22606797630182474,7.248915582248916,
2024-03-26,169.1,420.13,68.17,128.93,170.8,424.46,68.17,129.67,168.97,419.83,68.17,127.96,169.39,424.08,68.17,129.61,57388400,16725600,1800,4218200,-0.6638077894613126,-9.32003432003432,,-8.460997130947867,13.902670462247514,-9.552872495687946,27.653465346534656,-0.2871790003322716,1.726392251815989,,1.1124295461287348,2.960277903639952,,0.280003111145688,8.144606609629257,
2024-03-27,172.69,419.91,69.45,127.57,172.97,422.92,70.91,128.14,169.5,417.5,69.17,126.82,169.8,422.91,69.54,127.85,60273300,16705000,5600,3941200,2.12300413956239,-6.3350870532082215,,-6.51762031072376,13.84302562017079,-7.8545840520100825,26.306930693069308,-0.05236474424582527,3.90982653237979,,1.877658794190995,6.176425622993431,,-1.054835957496325,7.481674951554473,
2024-03-28,170.86,419.21,69.83,127.92,171.61,420.35,70.17,129.67,169.9,417.61,68.76,127.31,171.13,419.45,68.76,127.91,65672700,21871200,3100,3656500,-1.0597023568243547,-6.883208894217663,,-7.508255291506516,13.653246577199397,-7.350404670293232,26.653465346534656,-0.1667023886070984,2.742512621930304,,0.5471562275017883,4.9128605769230616,,0.27435917535472143,4.895448954489545,
2024-04-01,169.42,423.04,68.51,127.07,170.63,426.35,68.51,128.63,168.87,420.7,68.38,126.68,170.57,422.43,68.38,128.63,46240500,16316000,1500,3065100,-0.8427952709821107,-7.521834061135369,,-8.287771341958539,14.691609055171483,-9.101764627836006,25.81188118811881,0.9136232437203518,4.428536163910146,,-1.8903050264929,-0.16030311862430535,,-0.6644777986241412,5.513576351407434,
2024-04-02,168.23,419.92,67.17,125.99,168.73,420.86,68.57,126.21,167.62,416.34,66.84,123.62,168.47,418.6,68.57,124.58,49329500,17912000,5500,4322400,-0.7023964112855663,-7.3878337462152555,,-8.931954744762628,13.845736749356096,-10.87966034231127,24.742574257425744,-0.7375189107412972,4.299446114105465,,-1.9559188439643882,0.1192428081681296,,-0.8499252380577582,2.7148214576879104,
2024-04-03,169.04,418.94,67.15,126.52,170.06,421.74,68.66,127.65,167.97,417.58,67.15,124.91,168.18,418.22,67.34,124.91,47691700,16502300,3300,3616400,0.4814836830529634,-6.561273561439396,,-8.493476966383373,13.580046089196141,-10.906196099243726,25.26732673267327,-0.23337778624500372,4.385309214132671,,-0.029775197260673014,-0.9587020648967437,,0.4206683070084871,5.319237492716233,
2024-04-04,168.21,416.38,67.63,123.5,171.3,427.13,67.63,127.0,168.21,416.07,67.17,123.31,169.68,423.46,67.17,126.43,53704400,19370900,3600,4006800,-0.4910080454330279,-7.403941429043259,,-8.942781356574447,12.885997017757877,-10.269337932864541,22.277227722772274,-0.6110660237742871,3.9053726948319323,,0.7148175725986361,0.834948561204718,,-2.3869743914005648,3.243604748369844,
2024-04-05,168.97,423.99,66.99,125.39,169.78,424.98,66.99,125.7,168.34,416.82,66.99,124.14,168.98,418.5,66.99,124.21,42055200,16544300,1300,4995400,0.451816182153264,-8.023515323063524,,-8.53137010772478,14.94916632777552,-11.118482154703479,24.148514851485146,1.8276574283106806,3.3693346661140433,,-0.9463255951500771,-1.5721422274463825,,1.530364372469628,1.8023869448729357,
2024-04-08,167.84,423.06,66.97,126.98,168.59,425.74,67.34,127.15,167.63,421.78,66.97,125.52,168.42,423.64,67.34,126.53,37425500,14272400,2600,3017100,-0.6687577676510625,-7.709226877818109,,-9.143073675093373,14.697031313542075,-11.145017911635936,25.722772277227723,-0.2193447958678263,3.473071467005817,,-0.0298552022689913,-1.904203896294121,,1.268043703644639,3.988207354025053,
2024-04-09,169.06,424.75,66.48,124.39,169.47,426.2,66.92,126.27,167.74,420.1,66.35,123.76,168.09,424.91,66.87,125.71,42451200,12512300,7000,3215200,0.7268827454718796,-6.343138884272337,,-8.48265035457153,15.155212145858755,-11.795143956481358,23.15841584158416,0.39947052427551366,4.60019208510849,,-0.7316708974167474,-2.321481046135765,,-2.0396912899669273,1.833810888252141,
2024-04-10,167.18,421.74,66.61,124.46,168.48,422.51,66.61,124.79,166.51,418.19,66.09,122.78,168.19,420.67,66.32,122.93,49709300,16216600,14200,3025300,-1.1120312315154313,-8.127713359344945,,-9.500351864883871,14.33916226108174,-11.622661536420331,23.227722772277225,-0.7086521483225416,3.874288810620441,,0.19554753309265482,-2.2166764533176786,,0.05627462014630158,2.944582299421006,
2024-04-11,174.41,426.39,66.13,124.93,174.83,427.83,67.24,125.41,167.55,420.84,66.08,123.67,167.73,424.29,66.51,125.01,91070300,17966400,4900,2419000,4.324679985644209,-3.5182829009238303,,-5.586531694906071,15.599837332248878,-12.259519702799537,23.693069306930692,1.1025750462370087,4.957538461538458,,-0.7206125206425495,-3.936664729808259,,0.37763136750763593,3.9178173348860534,
2024-04-12,175.91,420.38,65.39,124.05,177.72,423.65,66.41,126.59,173.58,418.26,65.34,123.89,173.63,422.52,66.41,126.27,101593300,19232100,2500,3310000,0.8600424287598107,-2.326485285952251,,-4.774535809018565,13.970448691880154,-13.241342709300785,22.82178217821782,-1.4095077276671586,1.996845808564851,,-1.1190080145168535,-5.628517823639778,,-0.7043944608981056,4.710053178019757,
2024-04-15,172.07,412.15,64.42,123.44,175.99,425.28,65.41,125.58,171.88,411.94,64.35,123.06,174.73,425.07,65.41,125.34,73531800,20273500,4400,2896700,-2.182934455119101,-3.876878386682303,,-6.853245276890596,11.73918937237357,-14.528326920525414,22.217821782178216,-1.9577525096341475,-0.44926451051907623,,-1.4834072488148053,-6.447865233807725,,-0.49173720274082733,0.45572916666667407,
2024-04-16,168.77,413.09,64.26,122.99,173.13,416.9,65.53,123.79,167.66,412.24,64.11,121.34,171.13,413.08,64.2,122.61,73711200,16765600,5200,3044100,-1.9178241413378205,-3.2670373130050945,,-8.639636225843116,11.994035515792323,-14.740612975985135,21.772277227722768,0.2280723037729082,-0.08223883124108822,,-0.24837007140638967,-8.682677277248828,,-0.3645495787427122,-2.8207964601769997,
2024-04-17,167.39,410.36,63.87,124.07,170.03,417.37,64.5,124.74,167.39,408.85,63.87,122.8,169.0,415.75,64.5,124.48,50901200,15855500,2800,3075100,-0.8176808674527636,-1.2506636776591362,,-9.386672440859634,11.25389724820387,-15.258060236168248,22.84158415841584,-0.6608729332590824,2.283150548354951,,-0.6069094304388511,-5.124777183600704,,0.8781201723717436,0.6244931062449277,
2024-04-18,166.44,402.82,64.06,122.29,168.03,410.41,64.31,123.64,165.95,402.5,63.51,122.05,167.42,409.15,64.1,122.84,43122900,21029900,6700,2841000,-0.567536889897835,-1.2284137439914522,,-9.90093650192172,9.209705842483395,-15.005970545309811,21.079207920792076,-1.8374110537089483,0.5441293929712376,,0.2974792547361993,-5.558012678755708,,-1.4346739743692938,-0.8914822919199206,
2024-04-19,164.41,397.68,64.05,122.25,165.8,404.02,64.05,124.08,163.49,396.34,63.53,122.0,165.61,402.58,63.79,123.02,67772100,30276500,3800,5181100,-1.219658735880802,-2.3635607815190918,,-10.999837600822815,7.816185441236279,-15.019238423776049,21.039603960396036,-1.276004170597289,-2.450511443078962,,-0.015610365282558991,-5.9885512989872325,,-0.03270913402567688,-9.067241892293953,
2024-04-22,165.24,399.52,63.98,124.79,166.66,401.4,65.55,125.78,164.18,394.33,63.85,122.11,164.92,398.64,65.55,122.13,48116400,20286900,3300,3798300,0.5048354722948734,-2.862853447769098,,-10.550533210631718,8.315033211332512,-15.112113573039675,23.554455445544555,0.46268356467511484,-1.2945943275027183,,-0.10928961748634114,-6.118855465884088,,2.07770961145195,-5.189180975535635,
2024-04-23,166.3,406.1,63.99,128.16,166.45,406.73,63.99,128.28,164.33,401.61,63.99,125.87,164.75,402.79,63.99,126.1,49537800,15734500,1400,3703600,0.6414911643669807,-3.3869749607854382,,-9.976722784604542,10.098956215263666,-15.098845694573438,26.891089108910894,1.6469763716459918,0.751730468653089,,0.01562988433887469,-5.5637544273907995,,2.700536901995343,-1.2710885139819772,
2024-04-24,168.41,407.59,63.67,125.69,168.69,410.99,64.11,126.85,165.61,405.32,63.52,124.88,165.94,408.09,63.52,126.69,48251800,15065300,2700,3143100,1.2687913409500817,-2.433230983141199,,-8.83451523845612,10.502914463874191,-15.523417805492901,24.445544554455445,0.36690470327505054,-1.4983445709176313,,-0.5000781372089369,-6.491408430019097,,-1.927278401997501,-5.948817719245724,
2024-04-25,169.28,397.6,63.48,125.32,169.99,398.45,63.99,125.38,167.54,386.63,63.15,122.75,168.92,392.61,63.8,123.23,50558300,40586500,4800,3434400,0.516596401638858,-0.7213653158172462,,-8.36355762464136,7.794496407753826,-15.775507496351338,24.07920792079208,-2.4509924188522714,-3.8707961606344155,,-0.2984136956180383,-7.772773499927355,,-0.29437504972551487,-5.089366858527722,
2024-04-26,168.69,404.86,63.74,126.38,170.72,411.51,64.13,127.42,168.57,404.3,63.68,125.52,169.27,410.69,63.68,125.68,44838400,29694700,3200,3312500,-0.34853497164460956,-2.140619561434043,,-8.682942673090455,9.76277619628576,-15.430542656229274,25.128712871287128,1.825955734406426,-4.444287096698051,,0.4095778197857669,-5.261593341260406,,0.8458346632620461,-5.063100961538469,
2024-04-29,172.87,400.8,64.16,126.41,175.4,404.86,64.71,127.49,172.48,397.75,64.09,126.05,172.74,403.79,64.19,126.85,68169400,19582100,2700,1877000,2.47791807457467,0.5058139534883654,,-6.420180804417253,8.662057747051644,-14.873291760647477,25.15841584158416,-1.0028157881736943,-3.403065651209869,,0.6589268904926282,-4.849473528103232,,0.02373793321728268,-3.4522263805086717,
2024-04-30,169.72,387.93,63.73,127.83,174.36,400.71,64.24,129.97,169.39,387.77,63.62,127.01,172.71,400.05,64.22,127.57,65934800,28781400,6100,7841000,-1.822178515647599,-1.9469640071639094,,-8.12537216478103,5.172834485563227,-15.443810534695512,26.564356435643568,-3.211077844311383,-6.70722908950988,,-0.670199501246882,-4.724174017042914,,1.1233288505656303,-2.753898820844425,
2024-05-01,168.69,393.52,63.84,128.73,172.09,400.28,63.84,129.64,168.5,388.91,63.84,127.02,168.97,391.2,63.84,127.32,50383100,23562500,2300,5184400,-0.6068819231675682,-3.8529495582787066,,-8.682942673090455,6.688355700149096,-15.29786387156694,27.455445544554436,1.4409816203954318,-6.280216247112335,,0.1726031696218433,-5.534181710565244,,0.7040600797934671,-0.9311990149299731,
2024-05-02,172.41,396.41,65.92,123.56,172.79,398.49,66.09,127.46,170.27,393.23,64.61,123.37,171.89,396.23,64.61,127.46,94214900,17709400,2300,8487100,2.205228525698022,-3.1567713306746126,,-6.669192876089425,7.471872034702454,-12.538145150590418,22.336633663366335,0.7343972352104267,-6.440877979702608,,3.2581453634085156,-3.1869584373623194,,-4.016157849763058,-4.1724833255777805,
2024-05-03,182.72,405.2,65.78,122.59,186.33,405.69,66.68,123.31,182.0,400.41,65.78,120.84,185.98,400.83,66.68,122.46,163224100,17446700,2500,5932900,5.979931558494278,7.01024890190336,,-1.0880744870892634,9.85495458858614,-12.723895449117695,21.37623762376237,2.2174011755505596,-5.289484140897082,,-0.21237864077670032,-4.955931223811582,,-0.7850437034639057,-4.5397913097648175,
2024-05-06,181.05,412.05,65.71,124.13,183.54,412.44,67.09,124.18,179.77,404.91,65.71,121.33,181.69,407.29,66.47,121.55,78569700,16996600,4300,3636600,-0.91396672504378,5.470115344285231,,-1.9920965733773555,11.712078080520527,-12.816770598381332,22.9009900990099,1.690523198420535,-3.54634831460674,,-0.1064153238066412,-3.763913298183963,,1.256219920058732,-3.2351106953539155,
2024-05-07,181.74,407.87,65.92,126.82,184.23,413.18,67.07,127.32,180.67,407.62,65.92,125.91,182.79,413.17,66.09,126.18,77305800,20018200,7300,4167500,0.38111019055508955,6.761440404159091,,-1.6185784658690916,10.578826081062754,-12.538145150590418,25.564356435643564,-1.0144399951462213,-3.196943086343562,,0.31958605996045275,-2.224859092257492,,2.1670828969628575,-1.3611262347359432,
2024-05-08,182.08,409.06,65.94,126.22,182.41,410.75,66.09,127.95,180.8,405.25,65.75,126.15,182.19,406.7,66.09,127.03,45057100,11792300,4300,4060300,0.18708044459117001,7.675931401537572,,-1.4345260650679204,10.901450454114126,-12.511609393657963,24.97029702970297,0.29175962929364196,-2.634898721824197,,0.030339805825230215,-3.271233680504626,,-0.4731114966093686,-2.101915768246343,
2024-05-09,183.9,410.84,66.52,128.18,183.99,411.24,66.58,128.32,181.45,407.63,65.65,126.47,181.9,409.09,66.09,126.96,48983000,14689700,6200,2374000,0.9995606326889339,6.491400775956913,,-0.44930439019108537,11.384031449098542,-11.742072442616436,26.91089108910891,0.4351439886569164,-2.1599866638089216,,0.8795875037913126,-4.2188624910007295,,1.5528442402155118,0.4781688484753577,
2024-05-10,182.64,413.25,66.08,127.94,184.67,413.89,66.32,129.78,181.72,410.32,66.08,127.85,184.48,411.45,66.32,128.61,50759500,13402300,2900,3081100,-0.6851549755301889,6.894533536228464,,-1.131380934336601,12.037413582757207,-12.325859095130697,26.673267326732674,0.5866030571512137,-1.4217218100713191,,-0.6614552014431729,-5.370184734354866,,-0.1872366983928897,0.015634771732320196,
2024-05-13,185.86,412.23,65.84,131.92,186.68,416.85,66.1,133.0,184.2,409.34,65.84,129.91,185.02,416.51,66.08,130.98,72044800,15440200,4600,6145000,1.7630310994305898,9.703694959272834,,0.6117035673686155,11.760878405856046,-12.644288178320284,30.613861386138595,-0.24682395644283206,-2.5553139183056017,,-0.363196125907983,-3.897241278645458,,3.110833203063934,3.8167938931297662,
2024-05-14,187.01,415.06,67.11,132.42,187.88,415.99,67.11,132.5,185.87,410.07,66.47,130.81,187.09,410.54,66.58,131.69,52393600,15109300,3800,2920700,0.618745292155376,11.163288355227973,,1.2342337465490072,12.528127965297543,-10.95926761310867,31.108910891089092,0.6865099580331435,-1.1573633072966327,,1.928918590522466,-0.08932559178205235,,0.37901758641600836,5.103579649178491,
2024-05-15,189.29,422.32,68.7,134.16,190.22,423.05,68.7,134.29,186.95,416.52,67.7,132.4,187.49,417.15,67.7,132.45,70400000,22239500,3700,3719700,1.2191861397786274,11.979413156649322,,2.4684674930980366,14.496407753829455,-8.84967493697758,32.831683168316836,1.7491447019708062,0.8067981095144949,,2.3692445239159587,2.308265078183158,,1.3140009062075242,6.038570976920643,
2024-05-16,189.41,420.23,67.75,132.54,190.67,424.65,67.75,133.17,189.23,419.59,67.33,131.99,190.04,421.04,67.33,132.63,52845200,17530100,3800,2894400,0.06339479106134416,12.60329350216991,,2.5334271639690487,13.929781754100578,-10.110123391269743,31.22772277227721,-0.49488539496116424,0.9246361496709765,,-1.3828238719068464,0.17743604909064015,,-1.207513416815742,7.31983805668015,
2024-05-17,189.44,419.45,68.86,131.4,190.38,422.16,68.86,131.6,188.75,417.28,68.05,130.36,189.08,421.78,68.05,131.45,41282900,15352200,3100,2590300,0.015838656881905777,12.11457655205066,,2.5496670816867795,13.718313677646732,-8.637388881517849,30.099009900990104,-0.18561264069676398,-1.0707799712257438,,1.6383763837638288,2.791461412151075,,-0.8601177003168758,4.793045697424048,
2024-05-20,190.61,424.57,68.0,132.41,191.49,426.0,68.7,133.12,188.58,419.23,67.48,130.51,188.9,419.45,68.7,130.96,44361300,16272100,3800,2411700,0.6176097972973027,13.56649189704482,,3.1830238726790583,15.106411820523235,-9.778426429613907,31.099009900990104,1.220646084157817,0.35692336784380885,,-1.2489108335753674,1.5380020904882885,,0.7686453576864372,4.276263978579298,
2024-05-21,191.92,428.27,68.3,134.66,192.3,432.19,68.3,134.97,190.49,424.09,67.96,132.82,190.66,426.06,68.02,132.86,42309400,21453300,4100,3559800,0.6872671947956377,13.521826570448358,,3.8921669463541475,16.109529619086338,-9.38039007562692,33.32673267326734,0.8714699578396878,0.8287227781047735,,0.4411764705882337,2.737665463297212,,1.6992674269314945,8.256290698609202,
2024-05-22,190.47,429.75,67.62,133.53,192.39,431.63,68.02,134.15,189.84,426.36,67.08,132.27,191.84,429.32,67.53,133.1,34648500,18073700,4500,2683000,-0.7555231346394242,13.931092235913379,,3.1072375899962257,16.51077673851158,-10.28260581133077,32.207920792079214,0.3455763887267427,1.8992744344856982,,-0.9956076134699732,1.5162888455187096,,-0.8391504529927207,7.287481921902628,
2024-05-23,186.46,426.23,65.8,135.06,190.57,432.82,66.68,136.71,186.21,424.65,65.8,134.5,190.55,432.19,66.68,135.95,51005900,17211700,4000,4370700,-2.1053184228487343,6.909007511037224,,0.9365019217236092,15.556459265283994,-12.697359692185229,33.72277227722773,-0.8190808609656708,-0.03752433218414675,,-2.69151138716357,-0.49901708755480945,,1.145809930352737,8.10854078283838,
2024-05-24,189.55,429.39,66.38,135.53,190.15,430.28,67.22,136.19,187.62,423.65,66.09,133.72,188.39,426.42,66.83,134.0,36294600,11845800,6800,2843900,1.6571918910222028,7.753965095787629,,2.6092134466518813,16.413176087840565,-11.9278227411437,34.188118811881196,0.741383759941816,2.1432989200247388,,0.8814589665653516,1.5139929652852047,,0.3479934843773069,9.25433293027005,
2024-05-28,189.56,429.55,67.94,133.58,192.56,430.04,67.94,134.09,188.67,425.83,67.55,132.21,191.08,428.86,67.55,133.95,52280100,15718000,5000,3145600,0.005275652862035685,10.164467949090493,,2.6146267525577915,16.45655415480547,-9.858033700411317,32.25742574257426,0.03726216260275805,4.221763920902588,,2.3501054534498467,5.464141570940706,,-1.4387958385597255,8.214517174335722,
2024-05-29,189.86,428.4,67.17,132.19,191.82,430.16,67.17,132.64,189.08,424.92,67.17,131.57,189.18,424.92,67.17,131.86,53068000,15517100,2400,3169200,0.15826123654780755,12.496296735201762,,2.7770259297352995,16.1447742984953,-10.87966034231127,30.881188118811885,-0.2677220346874676,3.7062141421966066,,-1.1333529584927837,4.5284780578898065,,-1.040574936367733,7.480282949833317,
2024-05-30,190.86,413.92,67.67,132.3,191.75,423.54,68.39,134.08,190.2,413.49,67.67,132.28,190.33,423.54,68.39,133.39,49947900,28424800,3400,2759900,0.5267038870746976,14.021148216739366,,3.3183565203269705,12.219059238172703,-10.21626641899961,30.990099009900995,-3.380018674136309,0.8675309484355243,,0.7443799315170363,5.949585094723675,,0.08321355624480997,6.633352139921023,
2024-05-31,191.82,414.38,69.92,134.78,192.14,416.0,69.92,135.35,189.48,403.78,67.91,133.26,191.01,416.0,67.91,134.54,75158300,47995300,4700,3446300,0.5029864822382768,15.24873828406632,,3.838033887294978,12.343771180696761,-7.230993764097127,33.44554455445545,0.11113258600694564,2.8697681346507187,,3.3249593616077933,9.147674055572907,,1.8745275888133017,10.213427099517535,
2024-06-03,193.59,412.78,67.56,135.11,194.55,415.68,69.29,136.18,192.09,408.18,67.56,133.18,192.47,414.78,69.29,133.35,50080500,17484700,4100,4496700,0.9227400688145204,17.748312146463107,,4.796189032642251,11.909990511047841,-10.362213082128168,33.77227722772278,-0.38611902118829144,3.7970227318447014,,-3.375286041189929,5.48009367681499,,0.24484344858288765,10.519427402863002,
2024-06-04,193.91,415.32,69.28,139.4,194.88,415.69,69.28,139.48,192.59,408.94,68.06,135.27,194.2,411.69,69.26,135.93,47471400,14348900,3200,5071200,0.16529779430756175,17.35052045509562,,4.969414821631579,12.59861732411549,-8.080137985936053,38.01980198019803,0.6153398904985785,3.9547456948338056,,2.545885139135584,8.283838699593638,,3.1751905854488838,11.707668883724654,
2024-06-05,195.43,423.25,69.04,140.47,196.46,423.32,69.29,141.88,194.43,415.55,68.68,139.56,194.96,417.06,69.29,140.83,54156800,16988000,2500,3786700,0.7838688051157838,17.516536380036072,,5.792237319330917,14.7485427680629,-8.39856706912564,39.07920792079207,1.909371087354339,4.223097759172623,,-0.34642032332562467,7.891858102828575,,0.7675753228120419,9.605181023720345,
2024-06-06,194.04,423.76,68.16,141.87,196.06,424.54,68.37,142.41,193.73,419.82,68.16,140.36,195.25,423.25,68.37,140.66,41181800,14861300,1400,4369200,-0.7112521107301872,15.218811234487251,,5.039787798408479,14.886810356513468,-9.566140374154186,40.46534653465348,0.1204961606615429,3.9672219632473915,,-1.274623406720754,7.051986806973454,,0.9966540898412424,12.872941363672542,
2024-06-07,196.45,423.09,67.58,142.35,196.5,425.51,68.3,143.19,193.7,422.24,67.57,141.74,194.21,425.43,68.21,142.54,53103900,13621700,2900,3511200,1.2420119562976728,16.05033081285443,,6.344394521734431,14.705164701097996,-10.335677325195714,40.94059405940593,-0.15810836322447397,6.410965794768608,,-0.85093896713615,6.458727158160049,,0.33833791499258137,13.589211618257258,
2024-06-10,192.68,427.1,69.04,143.09,196.86,427.31,69.04,143.4,191.72,423.13,68.26,140.72,196.46,423.94,68.26,141.59,97262100,14003000,2700,3655000,-1.9190633749045505,14.22135277728378,,4.303578195203817,15.792327504405579,-8.39856706912564,41.67326732673266,0.9477888865253359,5.4932569283209,,2.160402485942603,8.31502980859744,,0.5198454513523076,13.222028802025655,
2024-06-11,206.68,431.9,69.29,141.26,206.69,432.04,69.29,142.41,193.19,424.48,67.9,140.49,193.21,424.71,67.9,141.38,172373300,14551100,2400,4433300,7.265933153414994,19.558049401284205,,11.882206463487254,17.093669513352296,-8.066870107469814,39.86138613861385,1.123858581128534,7.759481037924143,,0.3621089223638574,7.995635910224452,,-1.2789153679502507,11.747488331619337,
2024-06-12,212.59,440.27,69.13,142.73,219.7,442.6,69.78,143.96,206.43,432.47,69.13,141.47,206.9,434.54,69.29,142.98,198134300,22366200,13100,3242800,2.8594929359396115,25.259250530285172,,15.081470253884067,19.36288464145315,-8.279156162929556,41.31683168316831,1.937948599212791,13.492124867888533,,-0.230913551739087,8.47324650870862,,1.0406342913775957,11.65610576546976,
2024-06-13,213.76,440.79,68.06,141.96,216.26,442.59,69.15,142.38,211.12,438.58,67.73,140.61,214.26,440.06,68.99,142.3,97862700,15960600,6400,2857200,0.550355143703829,26.71764775623926,,15.714827044876301,19.503863359089067,-9.698819158816507,40.55445544554457,0.1181093419946988,12.01209595446231,,-1.5478084767828637,6.610275689223055,,-0.5394801373222013,10.2773246329527,
2024-06-14,212.01,441.77,68.54,141.97,214.69,442.34,68.54,142.65,210.82,435.93,67.73,141.36,213.37,437.49,67.87,141.68,70122700,13582000,3300,2831700,-0.8186751497005984,22.96850530711676,,14.767498511340872,19.769554019249004,-9.061960992437301,40.56435643564355,0.22232809274256304,11.442698216493019,,0.7052600646488383,3.9745145631068013,,0.0070442378134583095,14.899643897701509,
2024-06-17,216.18,447.56,68.8,139.85,218.46,450.13,69.06,141.6,212.24,439.93,68.4,139.82,212.89,441.79,68.79,141.47,93728300,20790000,5300,3164400,1.9668883543229265,18.31217162872154,,17.024847074108163,21.339297817541002,-8.716996152315259,38.465346534653456,1.3106367566833477,10.45409674234945,,0.3793405310767328,4.591061112800232,,-1.4932732267380455,14.07945183130761,
2024-06-18,213.81,445.54,66.73,140.27,218.14,449.33,68.81,141.18,212.52,444.09,65.44,139.26,217.1,448.9,68.81,140.53,79943300,17112500,5900,2640200,-1.0963086316958082,18.094449047224526,,15.741893574405896,20.791649722109252,-11.463446994825532,38.88118811881189,-0.45133613370273995,8.127654410872465,,-3.0087209302325446,1.5522751483792563,,0.30032177332857124,13.00249738177719,
2024-06-20,209.21,444.9,68.09,140.46,213.76,445.73,68.91,143.05,208.38,440.48,67.25,140.28,213.45,445.5,67.25,140.98,86172500,19877400,4400,3205600,-2.1514428698377053,15.114999449763399,,13.251772857684196,20.618137454249673,-9.659015523417802,39.06930693069308,-0.1436459128248968,9.078873170372903,,2.0380638393526107,3.291868932038833,,0.13545305482283165,10.75540135625297,
2024-06-21,207.02,448.97,67.27,141.43,211.41,449.77,68.95,142.03,206.64,445.71,67.27,140.68,209.92,446.58,67.93,140.93,246421400,34486200,14800,3033300,-1.0467950862769415,13.69727592267136,,12.066258864288425,21.7215670326691,-10.746981557648938,40.029702970297045,0.9148123173746914,9.756514936684102,,-1.2042884417682642,2.0169851380042347,,0.6905880677773091,12.05038821106006,
2024-06-24,207.67,446.86,67.59,141.75,212.22,451.94,68.71,142.13,206.12,445.61,67.34,140.98,207.25,448.99,67.94,141.34,80727000,15913700,22900,2992100,0.31397932566901154,12.925502990755833,,12.418123748173016,21.149518774569607,-10.322409446729463,40.34653465346534,-0.46996458560706333,8.767403368708028,,0.47569496060653194,1.60853878532774,,0.22626034080464041,10.586674988297705,
2024-06-25,208.6,450.14,67.36,146.36,210.9,450.61,68.1,147.6,208.14,445.95,67.01,144.14,208.68,447.44,67.85,144.97,56713900,16747500,3100,6341700,0.4478258775942656,14.213753832676312,,12.92156119742327,22.038769147349857,-10.627570651452833,44.91089108910893,0.7340106521058098,8.926799758015736,,-0.34028702470780825,1.937046004842613,,3.252204585537921,14.397373768954203,
2024-06-26,212.77,451.35,67.39,143.13,214.38,452.78,67.97,145.08,210.17,447.38,67.35,142.26,211.02,448.19,67.47,145.02,66213200,16507000,6200,4384500,1.9990412272291591,14.478639836436024,,15.178909760190562,22.366815778771866,-10.587767016054139,41.712871287128706,0.26880526058561394,9.489847900443937,,0.04453681710214763,2.3541919805589284,,-2.206887127630508,8.497574287446952,
2024-06-27,213.62,452.04,69.17,143.95,215.25,455.35,69.17,144.82,211.87,450.96,67.33,142.9,214.21,451.37,67.65,143.32,49772700,14806300,14500,2592400,0.39949240964420873,14.229185605047867,,15.63904076219349,22.553883692557953,-8.226084649064614,42.52475247524752,0.15287470920570811,8.909555245024814,,2.6413414453182904,3.0695872448219363,,0.5729057500174717,8.707143935961348,
2024-06-28,210.15,446.15,67.35,142.21,215.58,454.56,69.54,145.05,209.83,445.61,67.35,142.14,215.28,452.25,69.54,144.12,82542700,28362300,20800,2757500,-1.6243797397247461,11.020127846161976,,13.760623612840362,20.957028602412887,-10.640838529919083,40.80198019801982,-1.3029820369878875,5.642640651638575,,-2.6311984964580093,-1.9650655021834162,,-1.2087530392497214,6.000298151460948,
2024-07-01,216.26,455.91,68.17,144.88,217.02,456.55,68.68,145.45,211.44,444.86,67.83,143.02,211.61,447.85,67.94,143.05,60402900,17662800,5900,3435800,2.9074470616226478,14.175597909297299,,17.06815352135549,23.603090687271244,-9.552872495687946,43.44554455445544,2.187605065560927,8.49058848725699,,1.217520415738682,0.6199261992619887,,1.8775050980943675,9.310396861324888,
2024-07-02,219.77,458.45,68.96,142.45,219.88,458.76,68.96,142.84,214.62,452.29,68.29,138.51,215.66,452.38,68.45,141.16,58046200,13979800,11600,6594500,1.6230463331175615,16.010346283783793,,18.968223894332283,24.291717500338873,-8.504710096855527,41.03960396039603,0.5571275032352885,9.297890094170945,,1.1588675370397317,0.1452221899506112,,-1.6772501380452831,8.409436834094365,
2024-07-03,221.05,459.94,68.88,138.35,221.05,460.19,69.55,140.99,218.54,457.06,68.88,135.5,219.5,457.37,69.36,140.81,37369800,9932800,3600,7455800,0.5824270828593603,15.969781228686841,,19.66112705028962,24.69567574894942,-8.610853124585393,36.98019801980197,0.3250081797360638,8.330781732105418,,-0.11600928074245731,1.2941176470588234,,-2.8782028782028735,4.486066007099154,
2024-07-05,225.83,466.72,68.79,141.84,225.94,467.51,69.43,142.33,221.15,458.14,68.79,139.83,221.15,458.78,69.43,139.89,60412400,16000300,5700,3664500,2.162406695317798,17.6688203418091,,22.248687273317834,26.533821336586684,-8.730264030781477,40.43564356435645,1.474105318084984,8.977981180096673,,-0.13066202090590284,0.7174231332357284,,2.5225876400433833,5.331947126095349,
2024-07-08,227.31,465.4,69.5,142.54,227.34,466.86,70.8,143.15,222.75,463.62,69.24,141.65,226.58,465.71,69.54,141.75,59085900,12962300,13300,2909400,0.6553602267192149,19.341628602929607,,23.04985654739351,26.175952284126325,-7.788244659678922,41.12871287128712,-0.2828248200205774,8.2955206515416,,1.032126762610841,2.7802425317953183,,0.49351381838691477,6.747547367632745,
2024-07-09,228.16,458.71,69.27,139.91,228.88,466.49,69.79,140.76,225.86,457.18,68.9,138.55,227.42,466.16,69.66,140.23,48076100,17207200,15100,4580500,0.3739386740574613,22.36404590796952,,23.509987549396417,24.36220685915682,-8.093405864402293,38.52475247524752,-1.4374731413837605,7.620298899655098,,-0.33093525179856975,5.273556231003029,,-1.8450961133716803,3.5909965941063104,
2024-07-10,232.45,465.41,69.4,142.21,232.55,465.62,70.3,142.26,228.73,458.03,69.4,139.16,228.78,460.39,70.05,139.33,62627700,18196100,16300,3045200,1.880259467040668,22.632550778158777,,25.8322957830347,26.178663413311654,-7.920923444341243,40.80198019801982,1.460617819537413,8.388644355946816,,0.18767143063376235,4.54956312142214,,1.643913944678732,4.928798052091787,
2024-07-11,227.06,453.88,71.09,139.27,231.87,463.94,71.54,142.0,225.26,450.74,70.34,138.28,230.87,462.15,70.55,141.74,64710600,23111200,19900,3836400,-2.318778231877816,19.782654568474367,,22.914523899745575,23.052731462654187,-5.678651983547834,37.891089108910904,-2.4773855310371573,5.66406704690956,,2.435158501440915,4.63644392110687,,-2.0673651641937907,4.259619703548423,
2024-07-12,230.02,452.73,70.78,141.55,232.12,455.54,71.54,142.95,228.16,449.84,70.59,141.1,228.4,453.51,71.29,141.22,53046500,16324300,21700,2877600,1.303620188496435,21.15242810491942,,24.516862447896948,22.74095160634404,-6.0899562160010685,40.14851485148516,-0.2533709350489022,5.679271708683475,,-0.4360669573779785,5.374423105553072,,1.6371077762619368,7.0807171495574694,
2024-07-15,233.87,453.14,70.38,140.86,236.7,456.44,71.54,142.95,232.56,450.62,70.38,140.54,235.95,452.48,71.0,142.72,62631300,14429400,13600,2434100,1.6737674984783846,22.534842292780045,,26.60098522167489,22.852107902941565,-6.620671354650398,39.46534653465348,0.09056170344354797,9.47526091998454,,-0.5651313930488899,4.004728831092064,,-0.4874602613917367,6.470143613000756,
2024-07-16,234.29,448.71,71.29,140.34,235.74,453.48,71.54,141.7,231.81,445.86,71.04,140.09,234.47,453.4,71.04,141.47,43234300,17175700,15000,2221100,0.17958695001496494,22.140548430820562,,26.828344069723386,21.651077673851148,-5.413294414223158,38.950495049504966,-0.977622809727674,8.284666248371053,,1.2929809605001674,1.9593821510297538,,-0.36916086894790423,4.125241133699364,
2024-07-17,228.36,442.72,71.81,134.92,230.94,444.05,72.04,136.11,226.13,438.39,71.15,133.93,228.93,441.79,71.15,135.9,57345900,21778000,19600,6703800,-2.531051261257411,17.96063846273053,,23.618253667514754,20.02711129185306,-4.723364733979041,33.58415841584157,-1.334937933186231,7.2532583943020645,,0.7294150652265241,6.290704558910587,,-3.862049308821447,-0.1406261564651179,
2024-07-18,223.67,439.58,72.44,129.51,229.92,443.85,73.59,134.47,221.77,433.62,72.04,126.36,229.76,443.54,72.04,134.44,66034600,20794800,14300,9758200,-2.0537747416360275,15.34732607910887,,21.079413197639795,19.175816727667062,-3.887488390606353,28.227722772277207,-0.7092518973617734,5.841279013772516,,0.8773151371675114,4.561200923787534,,-4.009783575452119,-7.0946915351506545,
2024-07-19,223.8,436.32,71.86,131.05,226.29,440.35,72.55,133.0,222.78,431.22,71.37,130.81,224.31,432.32,72.55,132.12,49151500,20940400,7600,4319500,0.058121339473338196,14.516706749219676,,21.149786174416718,18.291988613257402,-4.657025341647881,29.752475247524757,-0.7416169980435816,3.0880094506792632,,-0.8006626173384879,4.0845886442641754,,1.1890973669987037,-6.706058233074675,
2024-07-22,223.46,442.14,72.23,132.68,227.27,443.8,72.42,132.76,222.59,438.12,71.7,131.36,226.5,441.0,72.04,131.51,48201800,15808800,7400,3720400,-0.15192135835567777,15.161822304679461,,20.96573377361557,19.869865799105323,-4.166113838397245,31.366336633663373,1.3338833883388412,4.337360770247312,,0.5148900640133736,5.9712441314554,,1.2438000763067558,-6.477761330795795,
2024-07-23,224.5,444.05,73.37,132.78,226.43,447.58,73.37,134.17,222.18,442.3,71.56,132.52,223.86,443.1,71.56,133.06,39960300,13107100,4700,2383200,0.46540767922669257,14.278442351743447,,21.528717587830904,20.387691473498705,-2.653575693246646,31.46534653465347,0.4319898674628009,4.954028693658574,,1.5782915686002985,8.567623557265481,,0.07536930961711263,-6.722866174920961,
2024-07-24,218.05,428.13,71.86,131.11,224.29,440.69,72.54,132.4,216.64,426.82,71.85,130.43,223.5,439.66,72.54,132.01,61777600,26805800,4500,2663400,-2.873051224944312,13.166908864438454,,18.037135278514604,16.07157381049207,-4.657025341647881,29.811881188118818,-3.585181848890895,0.24116132053382255,,-2.05806187815184,4.0845886442641754,,-1.2577195360746973,-8.372353064504845,
2024-07-25,217.0,417.65,72.33,127.38,220.35,429.03,72.92,129.5,214.14,416.76,71.56,125.88,218.44,428.03,72.04,128.62,51391200,29943800,6700,5326100,-0.48154093097914075,4.993226243468163,,17.468738158393336,13.230310424291702,-4.033435053734912,26.11881188118812,-2.4478546235956467,-3.299374855290582,,0.6540495407737268,4.387357483042265,,-2.844939363892929,-9.825853036953136,
2024-07-26,217.47,424.5,73.27,126.26,219.0,428.15,73.32,127.78,215.52,416.52,72.54,125.89,218.21,417.45,72.54,126.39,41601300,23583800,5200,3179100,0.21658986175114858,2.2954983771579007,,17.72316353597143,15.08743391622611,-2.7862544779089893,25.00990099009901,1.6401292948641233,-3.5818929293388146,,1.299599059864498,5.988716910169245,,-0.8792589103469806,-11.539269950255715,
2024-07-29,217.75,425.96,71.75,127.57,218.81,431.37,73.33,129.05,215.26,423.94,71.75,126.91,216.47,430.8,73.33,127.53,36311800,15125800,4100,3094000,0.12875339127236263,1.866579341317376,,17.874736101337096,15.483258777280717,-4.80297200477644,26.306930693069308,0.34393404004711137,-3.3644138932371503,,-2.0745189026886823,5.421686746987953,,1.0375415808648647,-10.136658213581295,
2024-07-30,218.31,422.16,71.52,128.75,219.83,428.28,72.54,131.18,215.63,416.61,71.06,127.11,218.7,426.95,71.64,130.61,41643800,32687600,5200,4388100,0.25717566016074667,2.9715579453799323,,18.177881232068426,14.453029686864571,-5.10813320949981,27.475247524752476,-0.8921025448398789,-4.438961450528545,,-0.3205574912892084,4.347826086956497,,0.924982362624438,-9.311826442206094,
2024-07-31,221.58,417.6,74.57,132.14,223.32,421.02,74.57,132.39,220.13,411.47,70.66,131.15,220.94,419.74,71.59,132.25,50036300,42891400,10400,3580400,1.497870001374202,2.497918401332222,,19.94803226330322,13.216754778365193,-1.0614302772986695,30.831683168316815,-1.0801591813530464,-6.694074537492178,,4.264541387024612,8.386627906976729,,2.6330097087378546,-5.5130496961029785,
2024-08-01,217.87,416.36,74.08,131.97,223.97,426.69,74.08,133.84,216.53,412.35,73.24,130.61,223.86,420.03,74.05,131.56,62501000,30296400,7200,3669000,-1.6743388392454261,1.898882185117623,,17.939695772208086,12.880574759387287,-1.7115563221440921,30.66336633663367,-0.296934865900389,-6.549355837859672,,-0.657100710741576,11.014536190618895,,-0.12865143030118542,-5.9171597633136175,
2024-08-02,219.36,407.76,70.11,127.01,225.09,414.25,72.54,129.64,217.22,403.61,70.11,126.38,218.66,411.75,72.09,129.3,105568600,29437900,4900,4774000,0.6838940652682757,4.8515845322881335,,18.746278352189695,10.54900366002438,-6.9789040732387,25.752475247524753,-2.065520222884043,-8.347943358057986,,-5.359071274298055,2.966661771185186,,-3.7584299461998927,-9.57567990887085,
2024-08-05,208.8,394.44,68.82,125.53,213.02,400.32,71.19,126.94,195.56,384.89,68.68,122.27,198.64,388.47,69.75,123.43,119548600,40709200,9900,5888800,-4.81400437636762,0.8598203072166966,,13.02982731554161,6.937779585197235,-8.690460395382793,24.287128712871286,-3.2666274278987606,-12.145577655522644,,-1.839965768078744,2.304147465437789,,-1.1652625777497816,-11.242310683730473,
2024-08-06,206.76,398.89,69.15,129.63,209.52,404.94,71.08,130.78,200.62,397.78,68.63,127.8,204.84,399.28,69.33,128.27,69660500,24946500,6800,6994300,-0.9770114942528885,-0.4381952135599776,,11.925512910734582,8.144232072658241,-8.25262040599708,28.346534653465348,1.128181725991273,-10.7349057870474,,0.47951176983436206,2.3080337328007072,,3.2661515175655076,-8.550264550264552,
2024-08-07,209.35,397.71,69.41,118.79,213.16,409.34,70.3,123.16,205.92,396.75,69.41,118.36,206.43,407.9,70.3,122.23,63516400,20650900,3100,13899900,1.2526600889920747,0.35953978906999584,,13.327559140367029,7.824318828792176,-7.907655565875027,17.61386138613863,-0.29582090300583896,-11.647487448349402,,0.37599421547358514,3.043349168646081,,-8.362261822109074,-18.837113965564367,
2024-08-08,212.83,401.97,72.19,127.69,213.72,405.13,73.03,127.86,208.36,399.22,69.6,122.75,212.63,401.72,70.4,125.42,47161100,20203000,12700,10281300,1.6622880343921675,0.028199464210176828,,15.211389595626068,8.979259861732402,-4.219185352262178,26.425742574257427,1.0711322320283712,-10.94051179793951,,4.005186572539987,7.12271850422912,,7.492213149254989,-10.787396073499611,
2024-08-09,215.75,405.29,72.39,132.97,216.29,407.32,72.58,134.15,211.49,401.54,71.31,129.72,211.62,403.3,72.54,129.95,42201600,19276700,8200,7503700,1.3719870319033989,0.9970976500327744,,16.792074920153755,9.8793547512539,-3.9538277829375135,31.65346534653466,0.8259322835037386,-10.342005132289177,,0.27704668236598895,4.65519733988724,,4.135014488213651,-7.627648489058691,
2024-08-12,217.29,406.08,71.49,129.41,219.27,408.02,72.54,131.54,215.36,403.51,71.49,129.07,215.83,406.33,72.54,131.08,38028100,16762900,5900,3602700,0.7137891077636072,3.397573162027112,,17.625724029664912,10.09353395689303,-5.147936844898515,28.12871287128713,0.1949221545066493,-8.98128432141656,,-1.2432656444260282,6.146993318485516,,-2.677295630593368,-9.000773503973003,
2024-08-13,221.03,413.27,72.53,133.07,221.65,414.2,72.94,133.75,218.77,408.83,72.07,131.07,218.77,408.85,72.18,131.07,44155300,19414300,4000,3343400,1.7212020801693706,2.2056783501340993,,19.650300438477775,12.042835841127818,-3.7680774844102483,31.752475247524735,1.7705870764381348,-9.352723125178219,,1.4547489159323135,6.395775267713066,,2.828220384823421,-8.151573716178905,
2024-08-14,221.48,416.11,72.03,133.92,222.78,416.97,73.02,134.35,219.46,411.71,72.03,131.75,220.33,414.05,72.6,132.21,41960600,18267000,3500,1967900,0.2035922725421857,0.7780861810074091,,19.893899204244025,12.812796529754644,-4.43147140772191,32.59405940594058,0.6872020712851201,-9.2354673355873,,-0.6893699158968758,4.451856148491884,,0.6387615540692781,-5.988065988065994,
2024-08-15,224.47,421.03,74.28,137.06,225.1,421.11,74.28,137.18,222.52,417.66,72.54,135.03,224.35,419.8,72.81,136.1,46414000,20752100,9000,2916100,1.350009030160737,1.5471612757294695,,21.51247767011315,14.146672088925015,-1.4461987528194276,35.702970297029715,1.1823796592247193,-8.459799104230992,,3.1236984589754213,7.839721254355414,,2.3446833930705013,-0.9324177809902356,
2024-08-16,225.8,418.47,72.67,134.89,226.58,421.34,74.33,135.67,223.4,417.3,72.67,134.66,223.67,420.6,74.33,135.4,44340200,22775600,18000,2111300,0.5925067937809114,-0.013284328919982435,,22.232447355600083,13.452623017486776,-3.582327185882983,33.55445544554454,-0.6080326817566317,-10.338104216660948,,-2.1674744211093167,5.64035470271842,,-1.5832482124617075,-4.899887196841524,
2024-08-19,225.64,421.53,74.0,135.25,225.74,421.75,74.0,136.13,222.79,416.46,73.26,134.95,225.47,418.96,73.26,135.07,40687800,15234000,5000,1681800,-0.07085916740479092,-0.7346795125599437,,22.14583446110541,14.2822285481903,-1.817699349873958,33.910891089108915,0.7312352139938305,-9.426299957026218,,1.8301912756295557,6.474820143884896,,0.26688412780784265,-5.114353865581589,
2024-08-20,226.26,424.8,74.0,135.81,226.92,425.86,74.0,136.34,225.2,421.64,73.98,134.54,225.52,421.7,73.98,135.19,30299000,16387600,4100,2106900,0.27477397624535715,-0.8327489481065986,,22.48145942727224,15.168767791785264,-1.817699349873958,34.46534653465348,0.7757454985410472,-7.392470188136291,,0.0,6.828352822289596,,0.41404805914972975,-2.93045529268815,
2024-08-21,226.15,424.14,74.51,134.96,227.73,426.4,74.51,135.57,224.8,421.72,73.52,133.38,226.27,424.08,73.8,135.35,34765500,16067300,5200,2410500,-0.04861663572880426,-2.7102602710260215,,22.421913062307162,14.989833265555097,-1.1410375480960577,33.62376237623763,-0.1553672316384258,-8.867450205195427,,0.6891891891891877,7.363112391930837,,-0.6258743833296498,-5.098094367484707,
2024-08-22,224.28,415.55,74.55,136.88,228.09,426.79,74.77,138.49,223.65,414.61,74.47,136.11,227.54,424.36,74.47,137.33,43695300,19361900,4800,2723800,-0.8268848109661775,-1.2243459878446217,,21.409624857900724,12.66097329537752,-1.087966034231136,35.52475247524751,-2.025274673456867,-8.444963426456331,,0.05368406925243541,4.867069911379929,,1.4226437462951935,-1.7160910461693213,
2024-08-23,226.59,416.79,78.03,136.97,227.97,419.26,78.03,137.15,224.08,412.09,74.77,135.92,225.41,416.98,74.77,136.57,38677300,18493800,10100,2112200,1.0299625468164875,-1.4911746804625703,,22.660098522167505,12.997153314355426,3.52925567201805,35.61386138613862,0.2983997112260939,-7.9385063945397905,,4.668008048289751,10.24300649901102,,0.06575102279369194,-3.2356057930060134,
2024-08-26,226.93,413.49,77.32,135.3,227.03,417.28,77.93,135.72,223.64,411.34,75.85,134.62,226.51,416.37,77.93,135.24,30602200,13152800,14900,1781100,0.15005075246039556,-2.9674605550091937,,22.844150922968677,12.102480683204542,2.587236300915463,33.96039603960397,-0.7917656373713444,-8.750055170587457,,-0.9099064462386397,9.860755896561525,,-1.2192450901657215,-3.9471815987505376,
2024-08-27,227.78,413.84,75.35,135.18,228.6,414.36,76.93,135.5,224.64,410.25,75.0,133.77,225.75,412.86,76.5,133.91,35934600,13492900,7600,2124400,0.37456484378441957,-2.778607708395575,,23.304281924971583,12.19737020469025,-0.02653575693247756,33.84158415841585,0.08464533604197744,-7.771166232087545,,-2.547853078116913,5.695048393884128,,-0.08869179600887733,-3.676784950833689,
2024-08-28,226.24,410.6,76.28,134.48,229.61,415.0,76.28,135.17,225.43,407.31,75.45,134.1,227.67,414.88,75.5,134.66,38052200,14882700,5100,2765400,-0.6760909649661917,-0.9283587318269393,,22.470632815460423,11.318964348651207,1.2073769404272294,33.14851485148513,-0.7829112700560525,-7.255149981929887,,1.234240212342419,6.22475978276007,,-0.5178280810770985,-0.3261191817373277,
2024-08-29,229.54,413.12,77.08,137.52,232.66,422.05,77.08,137.88,228.63,410.6,76.25,135.74,229.85,414.94,76.6,136.47,51906300,17045200,7700,2754700,1.4586280056577028,2.624402020834271,,24.25702376441292,12.002168903348242,2.268807217725888,36.158415841584166,0.6137359961032596,-6.019382137494878,,1.0487676979548999,6.405300938707903,,2.2605591909577782,6.184850590687985,
2024-08-30,228.75,417.14,77.83,139.16,230.15,417.49,77.83,139.74,227.23,412.13,76.75,137.85,229.94,415.6,77.0,138.21,52990800,24308300,6100,2718300,-0.34416659405768213,2.2117962466487784,,23.82937259784552,13.092042835841111,3.2638981026933633,37.78217821782177,0.9730828814872083,-4.395856252291896,,0.9730150492994305,8.30782076259393,,1.1925538103548572,6.188477680274684,
2024-09-03,222.53,409.44,76.91,136.26,228.75,419.88,77.62,138.62,220.93,407.03,76.27,135.83,228.3,417.91,77.62,138.56,50190600,20313600,6200,2309800,-2.7191256830601085,-0.41618186700080884,,20.46229632436529,11.004473363155753,2.0432532837999062,34.9108910891089,-1.8459030541305044,-7.395847469127426,,-1.182063471669026,6.479302228990713,,-2.08393216441507,2.698221284293023,
2024-09-04,220.61,408.9,76.99,134.53,221.54,411.24,76.99,134.91,217.24,404.37,76.3,133.63,221.42,405.91,76.91,134.04,43840200,15135800,3600,1811600,-0.8628050150541466,-1.732739420935403,,19.4229415904293,10.858072387149242,2.149396311529772,33.19801980198021,-0.13188745603751606,-7.915775250534862,,0.10401768300611902,4.933896688019623,,-1.269631586672526,1.3179695737309816,
2024-09-05,222.14,408.39,75.81,130.89,225.23,413.1,77.0,132.66,221.28,406.13,75.81,130.53,221.39,407.62,77.0,132.01,36615400,14195500,2700,2883500,0.6935315715515866,1.8757165787663288,,20.251177394034524,10.71980479869865,0.5837866525142621,29.594059405940577,-0.12472487160675172,-4.610749071543696,,-1.5326665800753259,5.496799332034508,,-2.7057161971307586,-0.16779803218673894,
2024-09-06,220.58,401.7,76.88,131.14,224.99,410.65,77.5,134.16,219.53,400.8,76.01,130.57,223.7,409.06,76.51,133.76,48423000,19609500,5800,2591800,-0.7022598361393628,1.6497695852534688,,19.406701672711545,8.906059373729146,2.003449648401201,29.841584158415824,-1.6381400132226553,-3.818987190231049,,1.4114232950797945,6.290612470620771,,0.19100007640002747,2.9517977704506038,
2024-09-09,220.67,405.72,76.23,131.91,221.03,408.65,77.2,132.94,216.47,402.15,76.23,130.91,220.58,407.24,77.2,132.03,67180000,15295100,6000,1881800,0.04080152325685038,1.4714673288269697,,19.455421425864785,9.995933306222039,1.1410375480960688,30.60396039603961,1.0007468259895624,-4.424028268551227,,-0.8454734651404672,4.039852599972704,,0.5871587616288032,4.474893077776021,
2024-09-10,219.87,414.2,77.1,129.78,221.24,416.33,77.5,130.12,216.49,407.7,76.5,128.4,218.68,408.2,76.5,129.23,51591000,19594300,3900,2246700,-0.3625322880318915,0.9735935706084886,,19.02235695339145,12.294970855361242,2.295342974658343,28.495049504950497,2.0901114068815785,-2.760822612451874,,1.1412829594647622,7.4564459930313465,,-1.6147373209006055,1.7323822215254525,
2024-09-11,222.42,423.04,76.48,135.23,222.84,423.99,77.25,135.82,217.65,409.58,76.23,130.98,221.22,415.5,76.72,133.14,44587100,19266900,5700,3930300,1.1597762314094595,1.8826439466813172,,20.40274995940021,14.691609055171483,1.472734509751894,33.891089108910876,2.134234669241919,0.20845177184005692,,-0.8041504539558875,6.935123042505609,,4.1994143935891515,5.033009708737857,
2024-09-12,222.53,427.0,77.46,136.66,223.3,427.37,77.46,136.97,219.58,419.75,77.46,134.65,222.26,423.31,77.46,135.24,37498200,17418800,2100,2170800,0.049455984174096024,0.4287390558714632,,20.46229632436529,15.765216212552513,2.7729865994427394,35.30693069306929,0.9360816944024242,2.2509578544061215,,1.2813807531380617,3.875553171516688,,1.0574576647193634,3.420614499772978,
2024-09-13,222.26,430.59,77.99,137.0,223.79,431.83,78.88,137.89,221.67,425.46,76.4,136.37,223.33,425.83,77.61,136.86,36766600,15874600,7100,2375300,-0.12133195524199891,2.0149630513609074,,20.316137064905536,16.738511590077245,3.476184158153095,35.643564356435654,0.8407494145199035,3.417715438562774,,0.6842241156726159,5.278077753779686,,0.24879262403043612,3.8114723043115806,
2024-09-16,216.08,431.34,79.83,136.9,216.98,433.53,79.83,138.22,213.68,428.22,74.6,136.77,216.3,430.6,74.6,138.06,59357400,13834700,5700,1776200,-2.780527310357228,-1.4952589350838763,,16.970714015048994,16.94184627897517,5.917473795940031,35.54455445544556,0.17417961401797744,5.782813419658628,,2.3592768303628775,13.86392811296533,,-0.07299270072992359,7.786788441854964,
2024-09-17,216.55,435.15,80.19,132.0,216.66,441.85,81.52,135.16,214.26,432.27,80.0,131.8,215.51,440.23,80.0,133.6,45519300,18874200,7800,3515800,0.21751203258053575,3.7116858237547845,,17.225139392627085,17.974786498576645,6.395117420724428,30.6930693069307,0.883293921268602,10.320961362944935,,0.4509582863585049,16.521360069747182,,-3.5792549306062904,5.154146419182659,
2024-09-18,220.45,430.81,79.61,132.06,222.47,436.03,81.07,133.27,217.3,430.41,79.43,131.3,217.31,435.0,79.8,132.83,59894900,18898000,7300,2854800,1.8009697529438817,6.621203327529512,,19.3363286959346,16.798156432153988,5.625580469682889,30.752475247524757,-0.9973572331379965,8.00220612198852,,-0.7232822047636867,15.126536514822831,,0.04545454545454852,1.87456607266836,
2024-09-19,228.62,438.69,81.23,134.88,229.57,441.5,81.23,135.2,224.38,436.9,79.48,133.63,224.74,441.23,79.92,134.66,66781300,21706600,24000,2653900,3.7060557949648576,9.204681155958916,,23.7589996210686,18.934526230174864,7.7749767812126835,33.54455445544553,1.8291126018430415,10.303990344723557,,2.0349202361512386,17.029246506267114,,2.1353930031803747,13.544911187810404,
2024-09-20,227.95,435.27,77.55,127.51,232.83,439.24,81.05,129.48,227.37,434.22,76.7,126.13,229.72,437.22,81.05,129.1,318679900,55167100,31200,9683500,-0.29306272417112256,7.104261617253194,,23.396308125372165,18.007320048800324,2.892397505638833,26.24752475247525,-0.7795937906038497,8.284200313456225,,-4.530345931306179,7.424851087408224,,-5.464116251482798,-0.14096640300728103,
2024-09-23,226.22,433.51,79.96,123.7,229.2,436.46,79.96,125.27,225.56,430.39,78.52,122.94,227.09,434.28,78.65,124.0,54146000,15128900,16100,7069900,-0.7589383636762426,4.852838933951342,,22.45980620364858,17.53016131218652,6.089956216001036,22.475247524752472,-0.40434672731867183,6.96291544326284,,3.1076724693746005,10.45724547589446,,-2.9880009411026642,-6.971497330224863,
2024-09-24,227.12,429.17,78.98,125.44,229.1,433.35,80.0,126.66,225.48,426.1,78.93,123.77,228.4,433.0,79.98,124.32,43556100,17015800,8400,4974100,0.39784280788612847,4.523908141193811,,22.94700373518108,16.353531245763865,4.7897041263102125,24.198019801980198,-1.0011303084127232,5.686071710007878,,-1.2256128064031868,10.476989788781665,,1.4066289409862431,-3.067769105942353,
2024-09-25,226.12,432.11,79.68,126.95,227.04,433.12,79.79,127.61,223.77,428.57,79.02,126.4,224.68,429.83,79.02,127.37,42308700,13396400,6900,2943600,-0.44029587883057664,2.3028548160883178,,22.40567314458941,17.15060322624373,5.718455618946527,25.693069306930695,0.6850432229652537,4.558763036271696,,0.886300329197276,9.857989797325262,,1.2037627551020558,-4.599083189298858,
2024-09-26,227.27,431.31,80.12,124.3,228.25,435.3,80.85,125.62,225.16,429.13,79.55,123.98,227.05,435.09,80.02,125.6,36636700,14492000,10100,4369500,0.5085795153016104,2.6142315333212984,,23.028203323769848,16.933712891419272,6.3022422714607895,23.069306930693067,-0.1851380435537231,3.6528802480113365,,0.5522088353413723,11.231431348049426,,-2.0874359984245805,-7.18339307048984,
2024-09-27,227.54,428.02,81.4,120.76,229.27,431.85,81.88,121.34,227.05,427.47,80.64,119.15,228.21,431.52,80.64,120.55,34026000,14896100,6600,9655300,0.11880142561710993,1.367666057825101,,23.17436258322958,16.041751389453694,8.000530715138643,19.56435643564356,-0.7627924230831695,1.6602142365152117,,1.597603594608099,9.585352719439966,,-2.8479485116653214,-11.892601780242229,
2024-09-30,232.74,430.3,80.9,119.07,232.74,430.42,81.47,119.12,229.4,425.37,79.75,117.49,229.79,428.21,81.47,117.59,54541900,16807300,10200,6855500,2.2853124725323193,3.073516386182451,,25.989281654306296,16.659888843703396,7.3371367918269925,17.891089108910883,0.5326853885332605,2.826964895930417,,-0.614250614250611,11.325168570249078,,-1.3994700231864998,-11.728074727555782,
2024-10-01,225.96,420.69,80.7,118.01,229.4,428.48,81.5,118.92,223.49,418.81,80.61,117.32,229.27,428.45,80.61,118.79,63285000,19092900,6400,3978400,-2.913121938643981,0.14181882644921373,,22.319060250094736,14.054493696624636,7.071779222502328,16.841584158415856,-2.233325586799906,-0.19927407301970623,,-0.24721878862793423,9.054054054054061,,-0.8902326362643764,-12.746765249537884,
2024-10-02,226.53,417.13,81.01,116.48,227.12,422.82,81.5,116.79,222.77,416.71,80.71,115.4,225.64,422.58,80.71,116.68,32880600,16582300,4700,5958600,0.25225703664364385,0.11933174224343368,,22.627618686732,13.089331706655805,7.483083454955564,15.32673267326734,-0.8462288145665409,-1.8055555555555602,,0.3841387856257761,9.472972972972983,,-1.2965002965850347,-14.233119799720196,
2024-10-03,225.42,416.54,80.5,115.08,226.56,419.55,81.09,116.33,223.07,414.29,79.4,115.03,224.89,417.63,80.55,116.24,34044200,13686400,9500,4320900,-0.49000132432790444,-0.32279460535044047,,22.026741731175225,12.929375084722782,6.806421653177641,13.940594059405932,-0.14144271570013522,-1.7918611779129456,,-0.6295519071719657,8.03918937055428,,-1.2019230769230838,-14.730290456431538,
2024-10-04,226.55,416.06,80.35,115.12,227.75,419.75,81.35,115.16,223.88,414.97,79.94,113.79,227.65,418.24,80.37,114.24,37245100,19169700,9700,6307000,0.5012864874456735,1.0121276975209703,,22.638445298543843,12.799240883828112,6.607403476184137,13.980198019801993,-0.1152350314495676,0.12272891348814596,,-0.18633540372671176,7.7800134138162225,,0.03475842891902392,-15.897136177673865,
2024-10-07,221.45,409.54,82.39,117.77,225.44,417.11,83.04,118.55,221.09,409.0,80.02,117.02,224.25,416.0,80.42,117.14,39505400,20919800,13600,4245300,-2.251158684617094,-2.2684143166070925,,19.877659286526274,11.03158465500882,9.314050683295738,16.603960396039597,-1.56708167091284,-1.7394851124067245,,2.538892345986321,5.587594514930161,,2.3019457956914513,-14.0176681025042,
2024-10-08,225.52,414.71,82.7,117.2,225.73,415.66,82.8,117.89,223.0,408.17,81.05,116.59,224.05,410.9,82.68,117.44,31855700,19229300,12000,3808000,1.8378866561300722,-0.6213369761600473,,22.080874790234418,12.433238443811835,9.725354915748973,16.039603960396033,1.2623919519460847,0.29504945706062546,,0.3762592547639221,6.95809622348682,,-0.4839942260337904,-13.377679231337769,
2024-10-09,229.29,417.46,83.41,117.0,229.5,420.38,84.35,117.16,224.58,414.3,83.41,115.82,224.98,415.86,83.7,116.54,33591100,14974300,9600,3971400,1.671692089393395,0.6629203617525725,,24.12169111676501,13.178798969770899,10.667374286851516,15.841584158415834,0.6631139832654176,0.8747341967910272,,0.8585247883917679,10.696748506967491,,-0.17064846416382506,-13.448735019973368,
2024-10-10,228.79,415.84,82.02,117.53,229.25,417.35,83.43,118.44,226.92,413.15,82.02,117.12,227.53,415.23,83.43,117.98,28183500,13848400,5100,2911300,-0.21806445985432799,1.1271216407354956,,23.851025821469165,12.739596041751366,8.823139180045093,16.36633663366336,-0.38806113160542166,1.2761811982464621,,-1.6664668504975388,7.524908232826433,,0.45299145299144694,-12.604104699583573,
2024-10-11,227.3,416.32,84.06,120.04,229.16,417.13,84.06,120.56,227.09,413.25,79.68,119.48,229.05,416.14,81.06,119.92,31759200,14144900,14300,4115800,-0.6512522400454523,-0.9758647730243042,,23.0444432414876,12.86973024264606,11.529786387156694,18.85148514851487,0.1154290111581524,0.7745933384972759,,2.4871982443306573,9.055526725480023,,2.13562494682209,-12.7108784176847,
2024-10-14,231.05,419.14,84.59,119.78,231.48,424.04,84.94,120.47,228.35,417.52,81.86,119.55,228.45,417.77,84.1,119.6,39882100,16653100,19600,2477300,1.649802023757152,1.0054644808743296,,25.074432956206373,13.63426867290225,12.232983945867048,18.594059405940587,0.6773635664873101,0.47945533873519075,,0.6305020223649871,8.685596813568042,,-0.21659446851050035,-13.926415636677202,
2024-10-15,233.59,418.74,84.23,117.81,237.23,422.48,86.0,119.09,232.11,415.26,84.23,117.14,233.35,422.18,85.0,118.99,64751400,18900200,6100,3613900,1.0993291495347224,4.970116388801515,,26.449412656309224,13.525823505490031,11.755340321082652,16.643564356435636,-0.09543350670420114,2.2713950762016433,,-0.42558222012057945,9.517617995059169,,-1.6446819168475568,-13.540290620871854,
2024-10-16,231.53,416.12,86.81,118.03,231.86,416.36,87.21,118.06,229.59,410.48,86.0,116.44,231.35,415.17,86.0,116.95,34082200,15508900,9400,3019000,-0.8818870670833534,4.949911608721269,,25.334271639690375,12.81550765893995,15.178452965370838,16.861386138613852,-0.6256865835602032,1.7657128882367479,,3.0630416716134423,12.754903234186266,,0.18674136321195078,-12.264922322158622,
2024-10-17,231.89,416.72,88.21,118.22,233.59,422.5,88.42,119.07,230.27,415.59,86.0,118.12,233.17,422.36,87.0,118.59,32993800,14820000,17200,2998300,0.15548740983888365,4.389123975871079,,25.529150652303368,12.97817541005828,17.035955950643466,17.04950495049504,0.14418917619918314,2.039716937241365,,1.6127174288676382,16.356681176625763,,0.1609760230449897,-9.679883871953542,
2024-10-18,234.74,418.16,87.39,118.09,235.92,419.65,89.1,118.27,233.75,416.26,87.34,117.14,235.92,417.14,88.0,117.76,46431500,17145300,12100,3193200,1.229031006080472,6.419439659080606,,27.071942835489637,13.368578012742315,15.947989916412354,16.920792079207914,0.345555768861594,4.097585262633818,,-0.929599818614657,13.670655567117596,,-0.10996447301641066,-9.951197193838635,
2024-10-21,236.22,418.78,85.31,117.33,236.59,418.96,88.52,117.96,234.19,413.75,85.31,116.88,234.19,416.12,87.95,117.95,36254500,14206100,13100,3230600,0.6304847916844158,7.046721348620122,,27.873112109565312,13.536668022231236,13.188271195435842,16.16831683168316,0.14826860531853558,3.2189687469190487,,-2.3801350268909505,11.91132100223009,,-0.6435769328478336,-11.052990675460538,
2024-10-22,235.6,427.51,86.5,116.47,235.96,430.58,87.37,116.65,232.34,418.04,84.16,114.76,233.63,418.49,84.7,115.0,38846600,25482200,14600,4689700,-0.2624671916010568,7.154227498067045,,27.537487143398476,15.903483801003105,14.767148732917601,15.316831683168308,2.0846267730073142,3.2134234669241923,,1.3949126714335902,12.191958495460442,,-0.732975368618427,-10.255817537370937,
2024-10-23,230.51,424.6,84.84,115.74,234.88,431.08,86.4,116.44,227.51,422.53,84.77,114.95,233.82,430.86,85.97,116.33,52287000,19654400,6600,3220700,-2.160441426146009,3.637262836075905,,24.78211443728686,15.114545208079155,12.564680907522874,14.594059405940584,-0.6806858319103548,0.3687594553706486,,-1.919075144508664,10.93096234309623,,-0.6267708422769802,-14.412482437328988,
2024-10-24,230.32,424.73,83.67,113.92,230.57,425.98,83.71,115.26,228.16,422.4,83.16,113.91,229.73,425.33,83.16,115.21,31109500,13581600,3800,4499900,-0.08242592512255342,3.5006515975374075,,24.67926162507443,15.14978988748814,11.012339126973592,12.792079207920803,0.03061705134244086,-0.5316159250585484,,-1.379066478076385,8.01704105344696,,-1.5724900639364048,-16.639836089565343,
2024-10-25,231.16,428.15,83.35,113.38,232.96,432.52,83.35,114.19,229.32,426.57,83.1,113.1,229.49,426.76,83.1,113.9,38802300,16899100,2100,4594600,0.36470996873914086,4.0043192657248206,,25.133979321171452,16.07699606886266,10.587767016054128,12.257425742574245,0.8052174322510597,-0.5666643442718167,,-0.38245488227561797,6.872675984100529,,-0.47401685393259063,-17.24087591240876,
2024-10-28,233.14,426.59,84.17,112.36,234.47,431.94,84.31,112.72,232.29,426.3,83.36,111.67,233.06,431.66,84.31,112.41,36087100,14882400,5900,5356000,0.8565495760512132,7.895223991114397,,26.20581389054295,15.654059915954988,11.675733050285263,11.247524752475258,-0.3643582856475591,-1.1012194556498378,,0.9838032393521434,5.4365526744331705,,-0.8996295642970553,-17.925493060628195,
2024-10-29,233.41,431.95,86.06,111.98,234.07,433.17,87.0,113.27,232.06,425.8,84.1,111.15,232.84,428.0,84.1,111.62,35417200,17644100,6600,8243400,0.11581024277258489,7.785730778111288,,26.351973150002706,17.107225159278826,14.183362080403338,10.871287128712881,1.2564757729904619,-0.735378605078707,,2.2454556255197877,7.320114727522142,,-0.33819864720541215,-15.16666666666666,
2024-10-30,229.85,432.53,84.9,113.24,233.21,438.5,86.3,113.76,229.3,432.1,84.86,107.24,232.35,437.44,86.01,108.89,47070900,29749100,4200,11109200,-1.5252131442526018,4.264005443411212,,24.42483624749634,17.264470652026564,12.644288178320284,12.118811881188108,0.13427480032410788,0.39924792832106704,,-1.347896816174754,6.6448938575556005,,1.1252009287372688,-14.25109798576405,
2024-10-31,225.66,406.35,84.23,111.95,229.58,416.16,86.18,112.16,225.12,406.3,83.75,109.63,229.09,415.36,86.18,110.21,64370100,53971000,5600,8455300,-1.8229279965194634,-1.294724870964925,,22.156661072917228,10.166734444896308,11.755340321082652,10.841584158415852,-6.052759346172509,-7.3719483006223,,-0.7891637220259096,3.693216791825682,,-1.139173436948071,-17.00029655990509,
2024-11-01,222.67,410.37,85.93,111.94,225.1,415.5,85.93,113.02,220.03,407.5,83.43,111.79,220.73,409.01,84.45,112.88,65276700,24230400,6700,4554700,-1.3250022157227703,-2.3162974336477293,,20.538082607048125,11.256608377389178,14.010879660342312,10.831683168316818,0.9892949427833031,-5.720587221724438,,2.0182832719933597,10.805931656995504,,-0.008932559178209676,-12.210806995529765,
2024-11-04,221.77,408.46,84.3,109.72,222.55,410.42,85.19,110.66,219.47,405.57,84.3,109.44,220.75,409.8,85.19,110.19,44944500,19672300,6700,6215000,-0.4041855660843252,-1.9671116612147377,,20.050885075515623,10.738782702995774,11.84821547034629,8.633663366336641,-0.46543363306285057,-5.778413416068839,,-1.896892819737006,5.427713856928462,,-1.9832052885474405,-11.30153597413096,
2024-11-05,223.2,411.46,85.7,110.13,223.7,414.9,85.91,110.3,220.9,408.08,84.28,107.75,221.56,408.37,84.29,107.98,28111300,17626000,12700,6604300,0.6448121928123607,-1.7259598450158564,,20.8249878200617,11.552121458587482,13.705718455618943,9.039603960396025,0.7344660431866101,-4.126569890719301,,1.660735468564667,8.508483160293734,,0.3736784542471616,-12.205038265306122,
2024-11-06,222.48,420.18,88.7,105.36,225.82,420.45,91.56,108.75,220.95,410.52,87.72,105.03,222.37,412.42,87.9,108.27,54561100,26681800,27200,12044600,-0.3225806451612856,-1.6097647266937964,,20.435229794835696,13.916226108174046,17.686081995488912,4.316831683168321,2.1192825548048466,-2.7608710744949194,,3.5005834305717576,11.320281124497988,,-4.331244892399888,-17.00669554942891,
2024-11-07,227.23,425.43,87.18,107.63,227.63,426.85,91.18,107.74,224.32,419.88,87.18,105.59,224.38,421.28,88.7,106.1,42137700,19901800,19800,8363200,2.1350233728874457,-0.01760021120253974,,23.00655010014616,15.339568930459535,15.66936446862146,6.56435643564357,1.2494645152077766,-1.3632885859358734,,-1.713641488162343,8.811782326510231,,2.154517843583892,-13.411102172164124,
2024-11-08,226.96,422.54,89.49,107.2,228.66,426.5,89.5,107.87,226.41,421.78,85.66,106.43,227.17,425.32,87.8,107.15,38328800,16891400,19300,5222600,-0.11882233859964453,-0.2549002373208986,,22.860390840686428,14.556052595906198,18.734244394321344,6.138613861386144,-0.6793126953905437,-1.2803140040184902,,2.649690295939422,9.938574938574929,,-0.39951686332806435,-11.228883736336536,
2024-11-11,224.23,418.01,93.6,109.09,225.7,424.81,94.94,110.61,221.5,416.0,88.31,108.93,225.0,422.52,89.52,109.67,42005600,24503300,23500,4941900,-1.2028551286570432,-3.656440663401228,,21.382558328371147,13.327911074962717,24.187342443943205,8.009900990099016,-1.072087849671044,-2.8561468742737683,,4.592691920885006,15.698393077873906,,1.7630597014925309,-8.38162425464012,
2024-11-12,224.23,423.03,91.1,107.06,225.59,424.44,94.97,107.61,223.36,417.2,90.37,105.7,224.55,418.25,93.08,106.81,40398300,19401200,8100,5135400,0.0,-0.7656222340237329,,21.382558328371147,14.688897925986154,20.870372827384887,6.000000000000005,1.2009282074591399,0.5562290522712621,,-2.6709401709401726,12.887236679058223,,-1.8608488404070034,-9.278874671637993,
2024-11-13,225.12,425.2,87.27,106.91,226.65,429.33,91.05,107.79,222.76,418.21,87.27,106.55,224.01,421.64,89.91,106.88,48566200,21502200,24700,3157100,0.39691388306650754,-0.6224341146867984,,21.86434255399774,15.277212959197506,15.788775374817554,5.851485148514857,0.5129659834999911,1.9346486706782073,,-4.204171240395171,7.727441056659656,,-0.14010835045769054,-8.216002747252748,
2024-11-14,228.22,426.89,85.35,105.32,228.87,428.17,87.2,107.0,225.0,420.0,83.52,105.0,225.02,425.0,86.25,106.83,44923900,30246900,34000,4467100,1.377043354655294,1.2421258095998589,,23.542467384831923,15.735393791514163,13.241342709300774,4.277227722772281,0.39746001881466597,2.4847553656311527,,-2.2000687521485096,6.024844720496891,,-1.4872322514264402,-8.481056656239138,
2024-11-15,225.0,415.0,84.67,101.74,226.92,422.8,85.56,102.34,224.27,413.64,84.3,100.32,226.4,419.82,85.56,101.67,47923700,28247600,5700,8076200,-1.4109192884059207,-0.6841756786581388,,21.79938288312673,12.511861190185702,12.339126973596915,0.7326732673267333,-2.785260840029047,-0.2547709464981063,,-0.7967193907439829,5.376477909147481,,-3.399164451196357,-11.622654621264772,
2024-11-18,228.02,415.76,83.44,99.81,229.74,418.4,85.48,101.0,225.17,412.1,83.16,99.42,225.25,414.87,83.92,100.32,44686000,24742000,10000,8790100,1.3422222222222224,2.9668096635809604,,23.434201266713583,12.717907008268936,10.70717792225022,-1.1782178217821793,0.1831325301204778,1.5187771646237191,,-1.4526987126491142,1.274426508071369,,-1.8969923333988503,-15.250063683450787,
2024-11-19,228.28,417.79,85.08,102.63,230.16,417.94,85.08,103.12,226.66,411.55,82.8,101.14,226.98,413.11,83.44,101.18,36211800,18133500,7200,5778700,0.11402508551880963,1.2238382405108217,,23.57494722026743,13.268266232885995,12.883109990712471,1.6138613861386153,0.48826245911102184,0.7426876612572686,,1.9654841802492884,2.8778718258766656,,2.8253681995791924,-12.431740614334474,
2024-11-20,229.0,415.49,82.86,105.27,229.93,417.29,84.7,105.74,225.89,410.58,82.3,103.0,228.06,416.87,83.1,103.43,35169600,19191700,17200,7520700,0.31540213772560666,-0.12647738671550668,,23.964705245493434,12.64470652026568,9.937640971208705,4.2277227722772315,-0.5505158093779161,-0.4719014995448578,,-2.60930888575458,-0.6593933581105382,,2.5723472668810254,-10.025641025641029,
2024-11-21,228.52,412.87,84.31,102.63,230.16,419.78,85.23,103.22,225.71,410.29,83.5,101.51,228.88,419.5,83.66,103.18,42108300,20780200,4100,6185400,-0.2096069868995576,-0.1180121508807086,,23.70486656200943,11.934390673715601,11.861483348812518,1.6138613861386153,-0.6305807600664237,-0.7142170065409736,,1.7499396572532078,2.792001950743739,,-2.5078369905956133,-12.677614226155033,
2024-11-22,229.87,417.0,84.05,105.06,230.72,417.4,84.8,106.24,228.06,411.06,84.05,103.86,228.06,411.37,84.8,103.91,38168300,24814600,4700,6143300,0.5907579205321145,1.1306643202815714,,24.43566285930818,13.05408702724684,11.516518508690442,4.019801980198023,1.0003148690871155,0.16333589546502214,,-0.3083857193689976,-0.01189626457293036,,2.3677287342882325,-12.479173608797067,
2024-11-25,232.87,418.79,84.59,104.56,233.25,421.08,84.79,105.92,229.74,414.85,83.62,104.0,231.46,418.38,83.62,105.31,90152800,27691100,7000,4294600,1.3050854830991332,0.7877082882493003,,26.05965463108322,13.539379151416565,12.232983945867048,3.524752475247528,0.4292565947242366,-0.08350431836616767,,0.6424747174301082,0.0,,-0.4759185227489082,-12.70662881950242,
2024-11-26,235.06,427.99,88.35,106.13,235.57,429.04,88.98,107.7,233.33,418.85,83.47,105.63,233.33,419.59,83.87,106.67,45986200,23458900,33200,6761400,0.940438871473348,0.6293077614623943,,27.24516862447899,16.033618001897775,17.221706249170744,5.079207920792084,2.196805081305664,2.2090079763098736,,4.4449698545927285,4.891368870948587,,1.5015302218821747,-9.91426873779816,
2024-11-27,234.93,422.99,87.08,106.13,235.69,427.23,89.45,106.13,233.81,422.02,86.2,104.96,234.47,425.11,88.94,105.79,33498400,18332400,15700,3990600,-0.05530502850336072,1.4684922040340442,,27.174795647702066,14.678053409244951,15.536685683959117,5.079207920792084,-1.1682515946634275,1.6509660674805415,,-1.4374646293152216,0.31102407556733436,,0.0,-10.0821824959756,
2024-11-29,237.33,423.46,87.5,106.8,237.81,424.88,89.56,107.4,233.97,417.8,86.68,105.35,234.81,420.09,87.6,105.43,28481400,16271900,14300,2775100,1.0215808964372464,2.34593988529046,,28.473989065122083,14.805476480954294,16.093936579540923,5.742574257425748,0.11111373791341528,1.6173929736993609,,0.4823151125401992,-0.8048974039224555,,0.6313012343352575,-9.659956014210792,
2024-12-02,239.59,430.98,87.61,108.67,240.79,433.0,89.4,109.14,237.16,421.31,87.01,108.15,237.27,421.57,87.01,108.93,48137100,20207200,7200,4948300,0.9522605654573857,2.066115702479343,,29.69739619985927,16.84424562830418,16.239883242669496,7.594059405940601,1.7758465970811876,3.0658121293284823,,0.12571428571428456,0.2517450509211594,,1.7509363295880265,-7.976966720298084,
2024-12-03,242.65,431.2,86.65,109.2,242.76,432.47,87.0,110.88,238.9,427.74,85.96,109.05,239.81,429.84,87.0,110.78,38861000,18302000,7900,4828700,1.2771818523310774,2.7220387774108845,,31.35386780706979,16.9038904703809,14.966166909911106,8.118811881188126,0.05104645227156368,2.965757677061953,,-1.0957653235931897,1.570741999765568,,0.4877151007637748,-6.929174124264891,
2024-12-04,243.01,437.42,86.82,108.97,244.11,439.67,88.76,110.52,241.25,432.63,85.63,108.96,242.87,433.03,86.13,110.22,44383900,26009400,21200,4485600,0.14836183803832448,3.1451612903225845,,31.548746819682783,18.59021282364104,15.191720843837064,7.891089108910898,1.4424860853432309,2.3180744310074664,,0.19619157530292863,0.3699421965317917,,-0.21062271062270987,-6.439426461749809,
2024-12-05,243.04,442.62,87.33,108.82,244.54,444.66,87.33,109.32,242.13,436.17,83.31,108.23,243.99,437.92,86.2,108.62,40033900,21697800,15600,3914400,0.012345170980609943,5.4357728515031845,,31.564986737400535,19.999999999999996,15.868382645614965,7.742574257425727,1.1887888070961417,4.243994347621283,,0.5874222529371087,2.934936350777928,,-0.13765256492612732,-5.978918265076894,
2024-12-06,242.84,443.57,85.6,110.77,244.63,446.1,87.7,111.31,242.08,441.77,85.46,109.75,242.91,442.3,86.65,109.93,36870600,18821000,20600,6045700,-0.08229098090848375,5.4359152483501205,,31.456720619282198,20.257557272604032,13.5730396709566,9.67326732673266,0.21463106050336744,4.435759188190147,,-1.9809916409023298,2.3066810087247536,,1.7919500091894802,-2.765098314606751,
2024-12-09,246.75,446.02,86.49,111.08,247.24,448.33,88.0,111.99,241.75,440.5,85.27,110.3,241.83,442.6,85.27,111.72,44649200,19144400,19400,4908900,1.6101136550815243,6.744246409413401,,33.573323228495646,20.92178392300392,14.753880854451351,9.980198019801989,0.552336722501523,4.173770874693439,,1.0397196261682229,3.7672465506898734,,0.27985916764468044,-2.028576468512966,
2024-12-10,247.77,443.33,85.61,109.19,248.21,449.62,87.74,111.55,245.34,441.6,85.61,108.7,246.89,444.39,87.0,111.55,36914800,18469500,9000,4621700,0.41337386018236444,6.275199450973679,,34.12548043089916,20.192490172156695,13.586307549422848,8.108910891089117,-0.6031119680731778,3.9241426193769247,,-1.0174586657416995,1.710823333729361,,-1.7014764133957527,-2.821288714845138,
2024-12-11,246.49,448.99,87.09,111.69,250.8,450.35,87.93,112.52,246.26,444.05,86.06,110.02,247.96,444.05,86.5,110.45,45205800,19200200,21700,6545700,-0.5166081446502768,5.603873013152816,,33.43257727494182,21.72698929103971,15.549953562425367,10.584158415841571,1.27670132858142,3.9449010302118337,,1.7287700035042652,1.196839414362083,,2.2895869585126905,-0.25897481693160085,
2024-12-12,247.96,449.56,84.77,108.61,248.74,456.16,86.78,111.17,245.68,449.11,84.35,108.41,246.89,449.11,86.78,110.88,32777500,20834800,5800,3650800,0.5963730780153442,7.879051555362193,,34.228333243111585,21.88152365460214,12.471805758259237,7.534653465346541,0.12695160248556991,3.937299146879991,,-2.663910896773458,-0.15312131919906768,,-2.7576327334586814,-4.088661250441539,
2024-12-13,248.13,447.27,82.92,106.95,249.29,451.43,85.2,107.61,246.24,445.58,82.49,104.14,247.82,448.44,85.2,107.04,33155300,20177800,11600,6250400,0.0685594450717808,9.957458122839679,,34.320359443512146,21.260675071167135,10.017248242006094,5.891089108910896,-0.509386956134894,10.070136581764476,,-2.1823758405096094,-1.5552653448890008,,-1.5284043826535254,-4.466279589102273,
2024-12-16,251.04,451.59,86.79,108.05,251.38,452.18,87.57,109.88,247.65,445.28,82.84,107.87,247.99,447.27,83.5,109.29,51694800,23598800,19600,5346900,1.1727723370813736,12.740827233125263,,35.89563146213393,22.431882879219177,15.15191720843838,6.980198019801986,0.965859547924075,10.044593903063092,,4.667149059334297,1.0008146165483511,,1.0285179990649818,-3.4750759335358206,
2024-12-17,253.48,454.46,85.42,108.01,253.83,455.29,87.53,108.99,249.78,449.57,85.42,107.73,250.08,451.01,87.0,107.75,51356400,22733500,14300,5415500,0.9719566602931717,14.29859764621002,,37.21647810317761,23.2099769554019,13.334217858564411,6.940594059405947,0.6355322305631184,11.261812662194593,,-1.5785228712985377,1.3285883748517247,,-0.03701989819526741,-1.5585125774699171,
2024-12-18,248.05,437.39,80.31,105.96,254.28,452.65,86.44,109.04,247.74,437.02,80.31,105.48,252.16,451.32,86.44,108.39,56774100,24444500,9500,3760900,-2.1421808426700273,11.133512544802882,,34.27705299626482,18.58207943608512,6.554331962319226,4.910891089108915,-3.7561061479558178,6.301949156661646,,-5.98220557246546,-6.289381563593932,,-1.8979724099620565,-3.786434214110601,
2024-12-19,249.79,437.03,81.84,103.44,252.0,443.18,82.21,104.75,247.09,436.32,80.0,102.74,247.5,441.62,81.83,104.27,60882300,22963700,10200,5344400,0.7014714775246844,12.275260697590795,,35.21896822389434,18.484478785414105,8.584317367652904,2.415841584158418,-0.0823064084684133,4.010186110714442,,1.9051176690324967,-7.733934611048476,,-2.378255945639862,-1.8223234624145768,
2024-12-20,254.49,436.6,79.39,85.0,255.0,443.74,82.49,86.53,245.69,428.63,79.39,81.5,248.04,433.11,80.58,82.72,147495300,64263700,21700,53762400,1.881580527643223,11.996655371209798,,37.76322199967521,18.36790023044599,5.333687143425769,-15.841584158415845,-0.09839141477701041,2.6255788261288604,,-2.9936461388074376,-8.935535673319572,,-17.826759474091258,-21.0257363188702,
2024-12-23,255.27,435.25,79.78,88.71,255.65,437.65,79.97,89.1,253.45,432.83,78.41,85.99,254.77,436.74,79.89,88.87,40858800,19152500,8200,18997900,0.30649534362843234,12.473563623545992,,38.18545986033672,18.00189779042971,5.851134403608849,-12.168316831683178,-0.3092075125973537,3.007999242675252,,0.4912457488348565,-10.850374343502056,,4.364705882352937,-17.248134328358223,
2024-12-24,258.2,439.33,80.13,87.37,258.21,439.6,80.13,88.98,255.29,434.19,79.08,87.07,255.49,434.65,79.23,88.9,23234700,7164500,6600,4774900,1.1478042856583048,15.149623154796421,,39.77155849077032,19.108038498034418,6.315510149927017,-13.495049504950495,0.9373923032739873,5.100356450802601,,0.4387064427174625,-14.391025641025646,,-1.510539961672852,-19.910165918049316,
2024-12-26,259.02,438.11,79.96,87.65,260.1,440.94,80.39,88.06,257.63,436.63,79.15,86.87,258.19,439.08,79.15,87.17,27237100,8194200,4600,6289300,0.3175832687838831,15.515319092003743,,40.215449575055494,18.777280737427127,6.089956216001036,-13.217821782178207,-0.27769558190881005,3.5647590005437158,,-0.21215524772245642,-12.228320526893521,,0.3204761359734576,-18.130020549224735,
2024-12-27,255.59,430.53,78.96,87.37,258.7,435.22,79.45,88.77,253.06,426.35,78.14,87.02,257.83,434.6,78.22,87.73,42355300,18117700,8500,6066000,-1.3242220677939898,13.535003553660264,,38.35868564932605,16.722244814965425,4.763168369377713,-13.495049504950495,-1.7301590924653665,1.2535277516462884,,-1.2506253126563283,-9.522172567892751,,-0.319452367370221,-18.27705546721541,
2024-12-30,252.2,424.83,79.18,85.73,253.5,427.55,80.4,87.01,250.75,421.9,78.0,85.66,252.23,426.06,80.4,86.97,35557500,13158700,3900,6110000,-1.3263429711647623,10.507405135395675,,36.52357494722027,15.176901179341185,5.055061695634877,-15.11881188118811,-1.3239495505539711,-0.48255991004708676,,0.2786220871327405,-7.229056824838887,,-1.8770745107016151,-18.600455753892888,
2024-12-31,250.42,421.5,78.61,86.02,253.28,426.73,79.5,86.05,249.43,420.66,78.61,85.0,252.44,426.1,78.74,85.42,39468700,13235200,7200,4201100,-0.7057890563045177,11.297777777777762,,35.56000649596709,14.274095160634403,4.298792623059566,-14.831683168316834,-0.78384294894428,1.5662650602409567,,-0.7198787572619492,-7.1571985354907275,,0.3382713169252316,-15.45114999017102,
